code,initials,age,gender,cluster,trial,task,conf,subject_orientation,pin_facet_1,pin_facet_2,pin_facet_3,pin_facet_4,pin_facet_5,pin_facet_6,cond_facet_1,cond_facet_2,cond_facet_3,cond_facet_4,cond_facet_5,cond_facet_6,correct,response,accuracy,n_tocchi_trial,n_tocchi_facet_1,n_tocchi_facet_2,n_tocchi_facet_3,n_tocchi_facet_4,n_tocchi_facet_5,n_tocchi_facet_6,filt_n_tocchi_trial,filt_n_tocchi_facet_1,filt_n_tocchi_facet_2,filt_n_tocchi_facet_3,filt_n_tocchi_facet_4,filt_n_tocchi_facet_5,filt_n_tocchi_facet_6,touch_density_trial,touch_density_facet_1,touch_density_facet_2,touch_density_facet_3,touch_density_facet_4,touch_density_facet_5,touch_density_facet_6,filt_touch_density_trial,filt_touch_density_facet_1,filt_touch_density_facet_2,filt_touch_density_facet_3,filt_touch_density_facet_4,filt_touch_density_facet_5,filt_touch_density_facet_6,duration_trial,dur_facet_1,dur_facet_2,dur_facet_3,dur_facet_4,dur_facet_5,dur_facet_6,filt_dur_facet_1,filt_dur_facet_2,filt_dur_facet_3,filt_dur_facet_4,filt_dur_facet_5,filt_dur_facet_6,rot_abs_total,raw_mean_rot_velocity,filtered_mean_rot_velocity,facce_esplorate_0.8s,orient_face_deg,orient_face_world_coord,orient_face_local,timepoints_facce_esplorate_0.8s,mean_delta_timepoints,std_delta_timepoints,transition_local,trans_matrices,ritorni_0.8s,ritorni,diff_trans,MRT
1,sn,27,female,1,1,even,conf1,north,4,6,2,1,3,5,even,even,even,odd,odd,odd,12,12,1,4650,625,1839,396,224,569,997,672,216,130,106,41,82,97,91.53543307086616,20.97315436241616,44.85365853658532,17.368421052631618,9.572649572649594,42.46268656716423,21.39484978540767,13.228346456692917,22.978723404255323,17.10526315789473,19.629629629629623,20.500000000000004,19.52380952380952,13.85714285714285,50.8,29.79999999999993,41.00000000000004,22.79999999999995,23.39999999999995,13.399999999999984,46.60000000000012,9.4,7.600000000000004,5.400000000000002,2.0,4.200000000000001,7.000000000000004,872,16.109819284849543,16.880263522245045,"[2, 5, 2, 5, 1, 4, 6, 2, 6, 3, 1]","[[[112.87663684951167, 149.70295794286332], [55.509932052383576, 76.55378784669882], [136.6177788718804, 33.18602115536014], [43.3822211281196, -146.81397884463988], [124.49006794761642, -103.44621215330118], [67.12336315048834, -30.297042057136707]], [[110.41635029241371, 131.76298335661028], [29.258493641253406, 83.40069950788866], [110.01874250731396, 33.968772522400826], [69.98125749268605, -146.03122747759917], [150.74150635874662, -96.59930049211134], [69.58364970758629, -48.237016643389744]], [[127.10675179522413, 142.77941573752383], [39.796684258159296, 118.0182448762184], [102.34510790558164, 43.24946532187757], [77.65489209441836, -136.75053467812245], [140.2033157418407, -61.98175512378161], [52.89324820477589, -37.220584262476166]], [[118.24639167218008, 134.02309479417733], [29.607394548836247, 115.00684136664373], [98.15267077644693, 39.60900218822764], [81.84732922355309, -140.39099781177237], [150.39260545116377, -64.99315863335627], [61.75360832781992, -45.97690520582268]], [[120.82154202905154, 91.9704049655826], [30.904200178302897, 96.60578671200791], [87.95728543907472, 3.1897570827008543], [92.04271456092528, -176.81024291729915], [149.0957998216971, -83.3942132879921], [59.178457970948436, -88.0295950344174]], [[121.92761756637867, 89.58736500715365], [32.01042208755137, 94.18114426681221], [87.9351063636325, 0.8746950979213496], [92.0648936363675, -179.12530490207865], [147.98957791244865, -85.81885573318779], [58.072382433621335, -90.41263499284636]], [[127.6900811990277, 121.320486943327], [51.020191616449694, 70.01718173754261], [118.69239021348619, 6.3052673967062125], [61.30760978651381, -173.6947326032938], [128.9798083835503, -109.9828182624574], [52.30991880097231, -58.67951305667303]], [[120.41747404660865, 128.98572621026247], [57.51578270163689, 60.93594046718791], [132.4309855913634, 6.527505273960691], [47.569014408636605, -173.47249472603932], [122.48421729836312, -119.06405953281208], [59.582525953391375, -51.01427378973753]], [[88.03948362206509, 133.60379978029897], [73.76634545296538, 43.03273579084348], [163.64185320566247, 50.300920204056794], [16.35814679433752, -129.69907979594322], [106.23365454703462, -136.96726420915653], [91.96051637793491, -46.39620021970103]], [[48.912373854604745, 97.21931893668554], [132.21890895576865, 59.51556873767757], [109.96047637716623, 168.75632684598358], [70.03952362283377, -11.24367315401641], [47.78109104423137, -120.48443126232243], [131.08762614539526, -82.78068106331447]], [[49.15879735915082, 94.25651376683952], [134.0834926355302, 61.103243276807916], [107.2890551675148, 168.64819728105977], [72.7109448324852, -11.351802718940231], [45.916507364469794, -118.89675672319208], [130.84120264084916, -85.74348623316048]]]","[[['west', 'north', 'down', 'up', 'south', 'east']], [['north', 'up', 'east', 'west', 'down', 'south']], [['west', 'up', 'east', 'west', 'down', 'east']], [['north', 'up', 'east', 'west', 'down', 'south']], [['north', 'up', 'east', 'west', 'down', 'south']], [['north', 'up', 'east', 'west', 'down', 'south']], [['north', 'north', 'east', 'west', 'south', 'south']], [['north', 'north', 'east', 'west', 'south', 'south']], [['north', 'east', 'down', 'up', 'west', 'south']], [['north', 'north', 'west', 'east', 'south', 'south']], [['north', 'north', 'west', 'east', 'south', 'south']]]","[[['left', 'rear', 'down', 'up', 'front', 'right']], [['rear', 'up', 'right', 'left', 'down', 'front']], [['left', 'up', 'right', 'left', 'down', 'right']], [['rear', 'up', 'right', 'left', 'down', 'front']], [['rear', 'up', 'right', 'left', 'down', 'front']], [['rear', 'up', 'right', 'left', 'down', 'front']], [['rear', 'rear', 'right', 'left', 'front', 'front']], [['rear', 'rear', 'right', 'left', 'front', 'front']], [['rear', 'right', 'down', 'up', 'left', 'front']], [['rear', 'rear', 'left', 'right', 'front', 'front']], [['rear', 'rear', 'left', 'right', 'front', 'front']]]","[1.4, 3.2, 7.4, 11.6, 17.2, 20.6, 23.2, 24.6, 25.6, 35.0, 41.0]",3.96,2.4228908353452487,"['rear', 'down', 'up', 'down', 'rear', 'left', 'front', 'rear', 'front', 'left', 'rear']","state2  down  front  left  rear   up
state1                              
down     NaN    NaN   NaN   0.1  0.1
front    NaN    NaN   0.1   0.1  NaN
left     NaN    0.1   NaN   0.1  NaN
rear     0.1    0.1   0.1   NaN  NaN
up       0.1    NaN   NaN   NaN  NaN","[0, 2, 0, 0, 1, 1]",4,10,13
1,sn,27,female,1,2,even,conf2,north,5,6,4,1,3,5,odd,even,even,odd,odd,odd,10,10,1,4193,614,1135,579,825,122,918,912,200,163,78,133,85,253,75.68592057761732,19.06832298136651,23.945147679324823,14.33168316831682,20.420792079207903,18.48484848484848,16.81318681318674,16.462093862815884,18.51851851851853,22.02702702702701,20.52631578947368,20.15151515151514,20.23809523809524,21.08333333333336,55.4,32.19999999999992,47.40000000000013,40.400000000000034,40.400000000000034,6.600000000000003,54.60000000000024,10.799999999999994,7.400000000000004,3.800000000000001,6.600000000000003,4.200000000000001,11.99999999999999,793,13.059346426062335,13.826089173322428,"[5, 4, 2, 1, 3, 6, 4, 1, 2]","[[[85.65596133588294, 134.34014472287203], [91.53282287137823, 44.456611007865284], [175.39247907231922, 153.84926686275574], [4.607520927680802, -26.150733137244284], [88.46717712862177, -135.54338899213474], [94.34403866411708, -45.65985527712797]], [[82.93783107966124, 133.71192584916398], [88.9296853166448, 43.57931317287846], [172.85636710792758, 125.00639603910238], [7.143632892072427, -54.993603960897616], [91.07031468335522, -136.42068682712153], [97.06216892033876, -46.28807415083602]], [[124.81548117758337, 123.79548189190328], [82.0505176531726, 39.36823258455178], [144.0239431296447, -39.54066997533126], [35.97605687035533, 140.45933002466876], [97.94948234682741, -140.63176741544822], [55.18451882241665, -56.20451810809671]], [[162.68923578615136, 84.0986079027398], [72.78291479448063, 77.94998603988412], [91.74448391671059, -11.509260757869678], [88.25551608328942, 168.49073924213033], [107.21708520551938, -102.05001396011588], [17.310764213848653, -95.90139209726021]], [[92.53505611558863, 2.365199460510282], [114.46352975576963, 93.51937415066416], [24.611881787232242, 86.81891723521133], [155.38811821276778, -93.18108276478868], [65.53647024423037, -86.48062584933585], [87.46494388441137, -177.63480053948973]], [[32.77254375084762, 100.00370257135633], [118.70044631533773, 68.26318746834765], [104.4645249346913, 166.38221539142478], [75.5354750653087, -13.617784608575246], [61.29955368466227, -111.73681253165236], [147.2274562491524, -79.99629742864367]], [[87.4960103894783, 130.44355846405267], [100.10499030873072, 40.89010080507741], [169.58305019192488, -153.3175100877527], [10.416949808075112, 26.68248991224731], [79.8950096912693, -139.10989919492258], [92.50398961052171, -49.556441535947336]], [[134.33822492920922, 136.4224807852521], [75.97832731754403, 60.54679682079575], [132.2942086426079, -16.321481665419046], [47.70579135739211, 163.67851833458096], [104.02167268245599, -119.45320317920425], [45.6617750707908, -43.577519214747895]], [[154.4345961310558, 116.13902668080205], [69.32943680869928, 78.20032474685597], [104.37335868520243, -6.251512117322819], [75.62664131479758, 173.74848788267718], [110.67056319130073, -101.79967525314404], [25.565403868944212, -63.86097331919795]]]","[[['north', 'east', 'down', 'up', 'west', 'south']], [['north', 'east', 'down', 'up', 'west', 'south']], [['north', 'east', 'down', 'up', 'west', 'south']], [['down', 'north', 'east', 'west', 'south', 'up']], [['east', 'north', 'up', 'down', 'south', 'west']], [['up', 'north', 'west', 'east', 'south', 'down']], [['north', 'east', 'down', 'up', 'west', 'south']], [['west', 'north', 'east', 'west', 'south', 'east']], [['down', 'north', 'east', 'west', 'south', 'up']]]","[[['rear', 'right', 'down', 'up', 'left', 'front']], [['rear', 'right', 'down', 'up', 'left', 'front']], [['rear', 'right', 'down', 'up', 'left', 'front']], [['down', 'rear', 'right', 'left', 'front', 'up']], [['right', 'rear', 'up', 'down', 'front', 'left']], [['up', 'rear', 'left', 'right', 'front', 'down']], [['rear', 'right', 'down', 'up', 'left', 'front']], [['left', 'rear', 'right', 'left', 'front', 'right']], [['down', 'rear', 'right', 'left', 'front', 'up']]]","[6.4, 12.0, 15.6, 17.0, 25.2, 29.8, 42.8, 47.2, 54.0]",5.949999999999999,3.279862802008644,"['left', 'up', 'right', 'down', 'up', 'down', 'up', 'left', 'rear']","state2   down   left   rear  right     up
state1                                   
down      NaN    NaN    NaN    NaN  0.250
left      NaN    NaN  0.125    NaN  0.125
right   0.125    NaN    NaN    NaN    NaN
up      0.125  0.125    NaN  0.125    NaN","[1, 0, 0, 1, 0, 0]",2,7,13
1,sn,27,female,1,3,even,conf3,north,4,4,2,2,5,5,even,even,even,even,odd,odd,12,12,1,4650,825,717,940,825,527,816,1245,351,141,251,261,117,124,56.432038834951456,17.553191489361655,16.221719457013542,15.06410256410248,19.549763033175328,9.981060606060566,29.78102189781029,15.109223300970871,24.041095890411,20.14285714285713,16.089743589743613,21.750000000000018,18.87096774193548,13.47826086956522,82.4,47.00000000000013,44.20000000000009,62.40000000000035,42.20000000000006,52.80000000000021,27.39999999999993,14.59999999999998,7.000000000000004,15.599999999999977,11.99999999999999,6.200000000000003,9.2,1258,14.496056700089849,15.02357605540768,"[1, 6, 1, 4, 1, 2, 3, 5, 4, 1, 4, 6, 3, 4]","[[[92.97593839644242, 62.780623967981064], [96.07606337870534, -27.536441480280047], [173.22935832313993, 178.74942505275325], [6.770641676860068, -1.2505749472467562], [83.92393662129466, 152.46355851971998], [87.0240616035576, -117.21937603201894]], [[72.3497509089536, 80.24565465062241], [93.3733250118032, -8.679701653004816], [162.00930623522865, 91.77805399975867], [17.99069376477138, -88.22194600024135], [86.62667498819681, 171.3202983469952], [107.6502490910464, -99.75434534937759]], [[67.53694185510018, 87.22411547957947], [95.422719401994, -0.5265194045065881], [156.8212434957688, 102.2829945150398], [23.178756504231213, -77.7170054849602], [84.57728059800601, 179.4734805954934], [112.46305814489982, -92.77588452042053]], [[76.61639194764595, 71.32147697138846], [87.30544081930279, -19.320129468360392], [166.33790278084987, 59.51579024418059], [13.662097219150143, -120.48420975581942], [92.69455918069721, 160.6798705316396], [103.38360805235405, -108.67852302861154]], [[70.56001169048938, 62.64290411537767], [89.21033834656805, -27.635818023718677], [160.54268070847533, 60.128247019363855], [19.45731929152468, -119.87175298063616], [90.78966165343195, 152.36418197628132], [109.43998830951062, -117.35709588462235]], [[86.15026221794321, 51.84528325752803], [101.59492818025296, -37.36361824825211], [167.7657756946539, 123.76557634219502], [12.234224305346102, -56.23442365780499], [78.40507181974704, 142.63638175174788], [93.8497377820568, -128.15471674247198]], [[155.77596268815958, -15.058929645031562], [66.20409440151116, -3.608431206843847], [85.72579214178522, -95.49706272756453], [94.2742078582148, 84.50293727243547], [113.79590559848886, 176.39156879315615], [24.224037311840423, 164.94107035496845]], [[123.56526521015103, -56.58495872667833], [66.17304671873451, 16.376058045288264], [43.215792052041884, -101.65902486682535], [136.78420794795812, 78.34097513317465], [113.82695328126549, -163.62394195471174], [56.434734789848974, 123.41504127332168]], [[47.754643812447966, -61.23393962595711], [104.72369289908815, 14.9585860668271], [45.950865640674, 90.23201797737087], [134.04913435932602, -89.76798202262914], [75.27630710091186, -165.04141393317292], [132.24535618755203, 118.76606037404288]], [[39.67994262062801, -80.65865312745257], [96.76509433683663, 1.1206619090091847], [51.13130399218118, 85.63415696123658], [128.86869600781884, -94.36584303876343], [83.23490566316337, -178.87933809099084], [140.320057379372, 99.34134687254745]], [[30.05010683857064, -32.908255833746225], [118.66710141365735, -13.829161470044555], [81.74262870066352, 71.61991837125893], [98.2573712993365, -108.38008162874108], [61.33289858634266, 166.17083852995543], [149.94989316142937, 147.0917441662538]], [[64.83819365978731, -49.41509868419426], [113.71007908328032, 28.67902495867428], [35.81755174372153, 81.19473474847327], [144.1824482562785, -98.80526525152673], [66.28992091671968, -151.32097504132574], [115.16180634021269, 130.58490131580572]], [[74.15878772948885, -47.48492113961041], [111.30791349381042, 36.160904342308804], [27.03195980513967, 76.303022024501], [152.96804019486032, -103.696977975499], [68.69208650618958, -143.8390956576912], [105.84121227051115, 132.5150788603896]], [[69.83205697643163, -52.1277274433904], [114.33594963652587, 28.31015610470272], [32.49953025108715, 73.08019851822765], [147.50046974891285, -106.91980148177235], [65.66405036347415, -151.6898438952973], [110.16794302356837, 127.8722725566096]]]","[[['north', 'east', 'down', 'up', 'west', 'south']], [['north', 'east', 'down', 'up', 'west', 'south']], [['north', 'east', 'down', 'up', 'west', 'south']], [['north', 'east', 'down', 'up', 'west', 'south']], [['north', 'east', 'down', 'up', 'west', 'south']], [['north', 'east', 'down', 'up', 'west', 'south']], [['down', 'east', 'south', 'north', 'west', 'up']], [['south', 'east', 'up', 'down', 'west', 'north']], [['south', 'east', 'north', 'south', 'west', 'north']], [['up', 'east', 'north', 'south', 'west', 'down']], [['up', 'east', 'north', 'south', 'west', 'down']], [['south', 'east', 'up', 'down', 'west', 'north']], [['south', 'east', 'up', 'down', 'west', 'north']], [['south', 'east', 'up', 'down', 'west', 'north']]]","[[['rear', 'right', 'down', 'up', 'left', 'front']], [['rear', 'right', 'down', 'up', 'left', 'front']], [['rear', 'right', 'down', 'up', 'left', 'front']], [['rear', 'right', 'down', 'up', 'left', 'front']], [['rear', 'right', 'down', 'up', 'left', 'front']], [['rear', 'right', 'down', 'up', 'left', 'front']], [['down', 'right', 'front', 'rear', 'left', 'up']], [['front', 'right', 'up', 'down', 'left', 'rear']], [['front', 'right', 'rear', 'front', 'left', 'rear']], [['up', 'right', 'rear', 'front', 'left', 'down']], [['up', 'right', 'rear', 'front', 'left', 'down']], [['front', 'right', 'up', 'down', 'left', 'rear']], [['front', 'right', 'up', 'down', 'left', 'rear']], [['front', 'right', 'up', 'down', 'left', 'rear']]]","[2.4, 7.8, 17.2, 22.2, 26.2, 29.8, 45.8, 56.2, 62.6, 68.4, 71.6, 72.2, 77.0, 81.2]",6.061538461538461,3.7608383806597936,"['rear', 'front', 'rear', 'up', 'rear', 'right', 'front', 'left', 'front', 'up', 'front', 'rear', 'up', 'down']","state2      down     front      left      rear     right        up
state1                                                            
front        NaN       NaN  0.076923  0.153846       NaN  0.076923
left         NaN  0.076923       NaN       NaN       NaN       NaN
rear         NaN  0.076923       NaN       NaN  0.076923  0.153846
right        NaN  0.076923       NaN       NaN       NaN       NaN
up      0.076923  0.076923       NaN  0.076923       NaN       NaN","[3, 0, 1, 2, 0, 1]",7,11,13
7,gl,23,female,1,16,odd,conf10,north,5,4,1,4,3,4,odd,even,odd,even,odd,even,9,9,1,2787,641,596,223,138,504,685,630,95,95,154,91,108,87,49.94623655913978,11.654545454545405,23.281250000000053,13.273809523809543,17.249999999999993,11.05263157894734,12.732342007434893,11.290322580645162,11.309523809523808,13.97058823529411,24.06249999999999,14.677419354838705,15.42857142857142,14.999999999999991,55.8,55.00000000000024,25.59999999999994,16.799999999999972,8.000000000000004,45.60000000000011,53.80000000000023,8.400000000000002,6.800000000000003,6.400000000000003,6.200000000000003,7.000000000000004,5.8000000000000025,407,6.366197922252233,6.449283418862709,"[2, 5, 2, 5, 6, 1, 4, 3]","[[[84.08070685467075, 155.3997718572394], [90.61874864327672, 65.46392639976294], [174.04822554540632, 161.40987380435354], [5.951774454593678, -18.590126195646455], [89.38125135672328, -114.53607360023707], [95.91929314532925, -24.600228142760603]], [[84.61655927327702, 150.23852315171362], [91.15577201176191, 60.34745360464986], [174.4931734251139, 162.42653666846388], [5.506826574886122, -17.57346333153611], [88.8442279882381, -119.65254639535016], [95.38344072672298, -29.76147684828641]], [[81.85735779675134, 149.2961648548382], [95.93415273755892, 60.14830668127108], [169.90059943460196, -174.15002751339722], [10.09940056539804, 5.849972486602797], [84.06584726244108, -119.85169331872893], [98.14264220324867, -30.70383514516181]], [[89.95295550777813, 145.8716030803961], [92.03404607206863, 55.87327389990673], [177.96540950848373, -125.45277071505014], [2.034590491516262, 54.54722928494988], [87.96595392793138, -124.12672610009326], [90.04704449222187, -34.128396919603894]], [[85.16013799521461, 142.12235881606009], [94.18503551707327, 52.477352211858154], [173.59511198449556, -176.84153716436288], [6.404888015504435, 3.158462835637125], [85.81496448292674, -127.52264778814185], [94.83986200478539, -37.87764118393993]], [[86.92476991898943, 150.94006622978628], [88.2682898579323, 60.84700260608166], [176.46989666203356, 121.50093626020598], [3.530103337966433, -58.49906373979404], [91.73171014206771, -119.15299739391835], [93.07523008101059, -29.05993377021374]], [[84.73904175636288, 141.34555687465067], [93.5207495183784, 51.670157770110826], [173.66411560447938, 175.3199176810637], [6.335884395520633, -4.68008231893629], [86.4792504816216, -128.32984222988918], [95.26095824363713, -38.65444312534933]], [[89.77130618403693, 134.87465464899768], [94.8490739971729, 44.89405598101598], [175.1455103180921, -137.81908006424902], [4.8544896819078955, 42.180919935750985], [85.1509260028271, -135.10594401898402], [90.22869381596308, -45.12534535100235]]]","[[['west', 'north', 'down', 'up', 'south', 'east']], [['west', 'north', 'down', 'up', 'south', 'east']], [['west', 'north', 'down', 'up', 'south', 'east']], [['west', 'north', 'down', 'up', 'south', 'east']], [['west', 'north', 'down', 'up', 'south', 'east']], [['west', 'north', 'down', 'up', 'south', 'east']], [['west', 'north', 'down', 'up', 'south', 'east']], [['north', 'east', 'down', 'up', 'west', 'south']]]","[[['left', 'rear', 'down', 'up', 'front', 'right']], [['left', 'rear', 'down', 'up', 'front', 'right']], [['left', 'rear', 'down', 'up', 'front', 'right']], [['left', 'rear', 'down', 'up', 'front', 'right']], [['left', 'rear', 'down', 'up', 'front', 'right']], [['left', 'rear', 'down', 'up', 'front', 'right']], [['left', 'rear', 'down', 'up', 'front', 'right']], [['rear', 'right', 'down', 'up', 'left', 'front']]]","[0.2, 0.4, 1.2, 8.4, 18.8, 25.8, 40.0, 47.2]",6.714285714285714,4.591740588562584,"['rear', 'front', 'rear', 'front', 'right', 'left', 'up', 'down']","state2      down     front      left      rear     right        up
state1                                                            
front        NaN       NaN       NaN  0.142857  0.142857       NaN
left         NaN       NaN       NaN       NaN       NaN  0.142857
rear         NaN  0.285714       NaN       NaN       NaN       NaN
right        NaN       NaN  0.142857       NaN       NaN       NaN
up      0.142857       NaN       NaN       NaN       NaN       NaN","[0, 1, 0, 0, 1, 0]",2,6,12
7,gl,23,female,1,17,odd,conf11,north,5,4,1,4,3,3,odd,even,odd,even,odd,odd,12,15,0,2846,591,785,115,239,429,687,600,96,83,75,134,111,101,55.36964980544747,11.726190476190435,25.993377483443773,19.827586206896544,20.25423728813561,11.34920634920635,13.963414634146297,11.673151750972764,12.972972972972968,14.821428571428566,25.0,15.581395348837209,17.343749999999993,20.199999999999992,51.4,50.400000000000176,30.199999999999925,5.8000000000000025,11.79999999999999,37.8,49.20000000000016,7.400000000000004,5.600000000000002,3.0000000000000004,8.600000000000001,6.400000000000003,5.000000000000002,386,6.61017675232377,6.752105209302858,"[5, 2, 5, 6, 1, 4, 3]","[[[84.71450874632545, 150.9637816022209], [92.72258536539222, 61.215843422638414], [174.0509534931124, 178.3675726109825], [5.949046506887619, -1.6324273890174976], [87.27741463460778, -118.7841565773616], [95.28549125367456, -29.03621839777912]], [[87.63598197357729, 147.85234736898013], [92.50566498515244, 57.95585560805103], [176.55412192320418, -165.43078105864166], [3.4458780767958217, 14.569218941358352], [87.49433501484758, -122.04414439194898], [92.36401802642273, -32.147652631019874]], [[92.37542752379709, 142.92695685527468], [96.23872210651048, 52.66712862370882], [173.32098853368166, -106.32579576768748], [6.6790114663183635, 73.67420423231253], [83.76127789348952, -127.3328713762912], [87.62457247620291, -37.07304314472533]], [[86.97268401247636, 145.364043274138], [92.18145488994075, 55.47946723647753], [176.26740548888944, -178.79598547086218], [3.7325945111105514, 1.2040145291378346], [87.81854511005926, -124.52053276352247], [93.02731598752365, -34.63595672586203]], [[89.00548928804551, 142.0329617394053], [95.14660815044691, 52.12254399257705], [174.7576753223366, -138.8729806171285], [5.24232467766341, 41.12701938287152], [84.85339184955309, -127.87745600742296], [90.99451071195449, -37.96703826059472]], [[88.87228563109102, 141.6300386949487], [93.4406551271187, 51.697849092084795], [176.37882471403773, -146.4923366544809], [3.6211752859622774, 33.50766334551909], [86.5593448728813, -128.30215090791523], [91.12771436890898, -38.3699613050513]], [[92.6658213434863, 143.67863464393838], [93.6223447020972, 53.50974947109806], [175.50033601908368, -90.04664828925691], [4.499663980916342, 89.9533517107431], [86.3776552979028, -126.49025052890194], [87.3341786565137, -36.32136535606163]]]","[[['west', 'north', 'down', 'up', 'south', 'east']], [['west', 'north', 'down', 'up', 'south', 'east']], [['west', 'north', 'down', 'up', 'south', 'east']], [['west', 'north', 'down', 'up', 'south', 'east']], [['west', 'north', 'down', 'up', 'south', 'east']], [['west', 'north', 'down', 'up', 'south', 'east']], [['west', 'north', 'down', 'up', 'south', 'east']]]","[[['left', 'rear', 'down', 'up', 'front', 'right']], [['left', 'rear', 'down', 'up', 'front', 'right']], [['left', 'rear', 'down', 'up', 'front', 'right']], [['left', 'rear', 'down', 'up', 'front', 'right']], [['left', 'rear', 'down', 'up', 'front', 'right']], [['left', 'rear', 'down', 'up', 'front', 'right']], [['left', 'rear', 'down', 'up', 'front', 'right']]]","[0.2, 3.0, 7.0, 15.6, 22.4, 34.2, 46.2]",7.666666666666667,3.5264083081168525,"['front', 'rear', 'front', 'right', 'left', 'up', 'down']","state2      down     front      left      rear     right        up
state1                                                            
front        NaN       NaN       NaN  0.166667  0.166667       NaN
left         NaN       NaN       NaN       NaN       NaN  0.166667
rear         NaN  0.166667       NaN       NaN       NaN       NaN
right        NaN       NaN  0.166667       NaN       NaN       NaN
up      0.166667       NaN       NaN       NaN       NaN       NaN","[0, 0, 0, 0, 1, 0]",1,6,12
7,gl,23,female,1,18,odd,conf12,north,5,4,2,4,2,5,odd,even,even,even,even,odd,10,10,1,2372,398,618,284,142,329,601,644,63,143,184,67,111,76,59.004975124378106,10.153061224489791,26.63793103448281,21.51515151515154,20.88235294117646,10.217391304347853,16.24324324324325,16.019900497512438,13.69565217391304,22.34374999999999,27.05882352941175,16.749999999999996,19.13793103448275,20.0,40.2,39.20000000000002,23.19999999999995,13.199999999999983,6.800000000000003,32.19999999999992,36.99999999999999,4.600000000000001,6.400000000000003,6.800000000000003,4.000000000000001,5.8000000000000025,3.800000000000001,331,7.175100586484835,7.239532616520459,"[2, 5, 6, 2, 1, 4, 3]","[[[86.89772659874626, 147.54598580572917], [91.95687914868843, 57.65208578453703], [176.33107987139678, 179.8499346784114], [3.668920128603229, -0.15006532158862476], [88.04312085131157, -122.34791421546298], [93.10227340125375, -32.45401419427084]], [[94.59154367298383, 150.21773462551542], [98.13146812904033, 59.56026570259279], [170.64640761216495, -90.60185798641939], [9.353592387835043, 89.39814201358062], [81.86853187095969, -120.43973429740721], [85.40845632701618, -29.782265374484574]], [[90.80860762759512, 148.6288132226436], [91.58166562088849, 58.60648423365259], [178.2235302544185, -94.30232503328477], [1.7764697455815064, 85.69767496671523], [88.41833437911153, -121.3935157663474], [89.19139237240489, -31.371186777356407]], [[95.02869413027517, 157.50714578680288], [92.06444810386333, 67.32540917298466], [174.5620141831394, -44.92516980556181], [5.4379858168605955, 135.07483019443822], [87.93555189613667, -112.67459082701534], [84.97130586972484, -22.492854213197116]], [[93.30106777734143, 150.12473590786843], [90.27788854486103, 60.10870763328036], [176.68723051363995, -34.697811169265776], [3.312769486360049, 145.30218883073422], [89.72211145513897, -119.89129236671965], [86.69893222265857, -29.87526409213156]], [[91.56128829857124, 148.5573222571272], [92.0481719562638, 58.50147272806544], [177.4242072831881, -84.15044742538761], [2.5757927168118866, 95.84955257461239], [87.95182804373621, -121.49852727193458], [88.43871170142877, -31.442677742872803]], [[95.3323551450728, 141.4797184940586], [94.40237585357866, 51.06800078623444], [173.07702354776026, -78.28219314988712], [6.9229764522397295, 101.71780685011288], [85.59762414642134, -128.93199921376555], [84.66764485492722, -38.520281505941426]]]","[[['west', 'north', 'down', 'up', 'south', 'east']], [['west', 'north', 'down', 'up', 'south', 'east']], [['west', 'north', 'down', 'up', 'south', 'east']], [['west', 'north', 'down', 'up', 'south', 'east']], [['west', 'north', 'down', 'up', 'south', 'east']], [['west', 'north', 'down', 'up', 'south', 'east']], [['west', 'north', 'down', 'up', 'south', 'east']]]","[[['left', 'rear', 'down', 'up', 'front', 'right']], [['left', 'rear', 'down', 'up', 'front', 'right']], [['left', 'rear', 'down', 'up', 'front', 'right']], [['left', 'rear', 'down', 'up', 'front', 'right']], [['left', 'rear', 'down', 'up', 'front', 'right']], [['left', 'rear', 'down', 'up', 'front', 'right']], [['left', 'rear', 'down', 'up', 'front', 'right']]]","[1.4, 7.2, 13.2, 18.6, 20.2, 25.4, 32.0]",5.1000000000000005,1.6278820596099717,"['rear', 'front', 'right', 'rear', 'left', 'up', 'down']","state2      down     front      left      rear     right        up
state1                                                            
front        NaN       NaN       NaN       NaN  0.166667       NaN
left         NaN       NaN       NaN       NaN       NaN  0.166667
rear         NaN  0.166667  0.166667       NaN       NaN       NaN
right        NaN       NaN       NaN  0.166667       NaN       NaN
up      0.166667       NaN       NaN       NaN       NaN       NaN","[0, 1, 0, 0, 0, 0]",1,6,12
2,rn,42,male,1,1,even,conf12,north,5,4,2,4,2,5,odd,even,even,even,even,odd,12,16,0,8137,756,705,568,3881,687,1540,1045,116,183,141,300,201,104,96.18203309692672,12.272727272727206,14.099999999999952,14.059405940594049,48.271144278606606,14.194214876033014,30.79999999999989,12.352245862884162,12.340425531914896,16.944444444444454,17.195121951219505,17.64705882352944,15.952380952380969,14.444444444444438,84.6,61.600000000000335,50.00000000000017,40.400000000000034,80.4000000000006,48.40000000000015,50.00000000000017,9.4,10.799999999999994,8.200000000000003,16.99999999999997,12.599999999999987,7.200000000000004,795,8.939199025595617,9.329555916732025,"[1, 4, 2, 3, 5, 1, 6, 1, 2, 4, 3, 5]","[[[97.46398763513639, -104.03576160625015], [84.6415367646724, -14.73986228218888], [9.206141636810182, -140.10068718074692], [170.79385836318983, 39.89931281925311], [95.35846323532762, 165.26013771781112], [82.53601236486361, 75.96423839374987]], [[138.4770517424825, -169.27846244768418], [128.62209566338922, -14.818054422260815], [77.0973110274193, -94.27252375831276], [102.9026889725807, 85.72747624168726], [51.3779043366108, 165.18194557773919], [41.5229482575175, 10.72153755231585]], [[160.00070059622138, -120.15052205858224], [83.58217366862011, -48.15289192162572], [71.14181855556261, -140.3547290071957], [108.8581814444374, 39.64527099280432], [96.41782633137989, 131.8471080783743], [19.999299403778636, 59.84947794141776]], [[160.77696814305963, -118.36135873746802], [82.55097335148034, -50.38384001572219], [72.38331364092994, -142.76329992275137], [107.61668635907007, 37.236700077248635], [97.44902664851968, 129.61615998427783], [19.223031856940374, 61.63864126253198]], [[148.35663520843042, -120.73282444106906], [83.90807498551852, -40.70604183133973], [59.083740106564285, -134.37064042039415], [120.91625989343572, 45.629359579605875], [96.09192501448149, 139.29395816866028], [31.64336479156959, 59.26717555893094]], [[138.80816837646586, -114.14707178593275], [80.08258726066, -35.670982801807156], [50.53080151434214, -133.94862763567346], [129.46919848565784, 46.05137236432654], [99.91741273934, 144.32901719819284], [41.19183162353412, 65.85292821406725]], [[164.09517353882026, -100.81743684307955], [82.52293222313907, -38.24282139080912], [76.04422010006402, -130.11188730378828], [103.95577989993599, 49.888112696211714], [97.47706777686093, 141.7571786091909], [15.904826461179743, 79.18256315692045]], [[176.19430645605019, -32.496947188461974], [86.66633999663706, -61.373023192016404], [91.83368758722017, -151.26617601811074], [88.16631241277983, 28.733823981889255], [93.33366000336295, 118.62697680798361], [3.8056935439498245, 147.50305281153803]], [[179.7419259046641, -48.176955158731666], [89.7461116767086, -58.51039300984439], [90.0462917911518, -148.51018788086594], [89.95370820884821, 31.48981211913405], [90.2538883232914, 121.48960699015562], [0.2580740953359118, 131.82304484126834]], [[172.96001748148345, -17.441174336104673], [85.03249961279562, -62.70668374076739], [94.97597592351866, -152.27309143014654], [85.02402407648134, 27.726908569853467], [94.9675003872044, 117.29331625923263], [7.039982518516538, 162.55882566389533]], [[176.27029704094872, -143.59965847176375], [89.74210732937759, -57.55899103660205], [86.27924897641147, -147.57576211573874], [93.72075102358855, 32.42423788426126], [90.25789267062243, 122.44100896339796], [3.7297029590512945, 36.40034152823627]], [[164.74399773999707, -136.3775842878855], [93.34996970208275, -33.98468667358841], [75.13384792562941, -123.09439695157482], [104.86615207437059, 56.90560304842519], [86.65003029791725, 146.0153133264116], [15.256002260002939, 43.62241571211451]]]","[[['south', 'east', 'up', 'down', 'west', 'north']], [['down', 'east', 'south', 'north', 'west', 'up']], [['down', 'south', 'west', 'east', 'north', 'up']], [['down', 'south', 'west', 'east', 'north', 'up']], [['down', 'east', 'south', 'north', 'west', 'up']], [['down', 'east', 'south', 'north', 'west', 'up']], [['down', 'east', 'south', 'north', 'west', 'up']], [['down', 'south', 'west', 'east', 'north', 'up']], [['down', 'south', 'west', 'east', 'north', 'up']], [['down', 'south', 'west', 'east', 'north', 'up']], [['down', 'south', 'west', 'east', 'north', 'up']], [['down', 'east', 'south', 'north', 'west', 'up']]]","[[['front', 'right', 'up', 'down', 'left', 'rear']], [['down', 'right', 'front', 'rear', 'left', 'up']], [['down', 'front', 'left', 'right', 'rear', 'up']], [['down', 'front', 'left', 'right', 'rear', 'up']], [['down', 'right', 'front', 'rear', 'left', 'up']], [['down', 'right', 'front', 'rear', 'left', 'up']], [['down', 'right', 'front', 'rear', 'left', 'up']], [['down', 'front', 'left', 'right', 'rear', 'up']], [['down', 'front', 'left', 'right', 'rear', 'up']], [['down', 'front', 'left', 'right', 'rear', 'up']], [['down', 'front', 'left', 'right', 'rear', 'up']], [['down', 'right', 'front', 'rear', 'left', 'up']]]","[0.4, 1.6, 13.6, 24.8, 32.4, 44.8, 51.0, 61.4, 63.6, 67.8, 76.6, 79.6]",7.2,3.904309972791141,"['front', 'rear', 'front', 'left', 'left', 'down', 'up', 'down', 'front', 'right', 'left', 'left']","state2      down     front      left      rear     right        up
state1                                                            
down         NaN  0.090909       NaN       NaN       NaN  0.090909
front        NaN       NaN  0.090909  0.090909  0.090909       NaN
left    0.090909       NaN  0.181818       NaN       NaN       NaN
rear         NaN  0.090909       NaN       NaN       NaN       NaN
right        NaN       NaN  0.090909       NaN       NaN       NaN
up      0.090909       NaN       NaN       NaN       NaN       NaN","[2, 1, 1, 1, 0, 0]",5,10,13
2,rn,42,male,1,2,even,conf11,north,5,4,1,4,3,3,odd,even,odd,even,odd,odd,8,8,1,5676,310,362,429,912,2670,993,974,75,149,194,236,171,149,84.46428571428571,11.151079136690674,22.62500000000004,20.625000000000043,20.0881057268722,46.84210526315767,22.066666666666617,14.49404761904762,12.499999999999996,15.851063829787236,21.55555555555556,17.8787878787879,16.76470588235295,19.10256410256409,67.2,27.799999999999933,15.999999999999975,20.79999999999996,45.400000000000105,57.00000000000027,45.0000000000001,6.000000000000003,9.4,9.0,13.199999999999983,10.199999999999996,7.800000000000004,584,7.8246082474283325,7.846713678663866,"[4, 5, 2, 3, 6, 1, 5, 4, 2, 4, 3, 6]","[[[90.4969651308626, -72.44568817738758], [91.36501129612117, -162.45753038312023], [178.54730469137476, 37.55515291106676], [1.4526953086252294, -142.44484708893324], [88.63498870387883, 17.542469616879785], [89.50303486913741, 107.55431182261243]], [[69.7157023460064, -48.956891142507594], [81.6141354909993, -142.08017345889306], [157.90736796217234, -73.3753941708307], [22.092632037827666, 106.62460582916931], [98.38586450900071, 37.91982654110695], [110.2842976539936, 131.04310885749243]], [[72.35418119709094, -64.93428650482414], [84.63650583155663, -156.6456645536203], [161.50531511080658, -82.94641639863289], [18.49468488919342, 97.05358360136711], [95.36349416844338, 23.354335446379714], [107.64581880290906, 115.06571349517587]], [[73.7022608648828, -69.10100513318949], [82.77715782795862, -161.22454702076925], [162.09097390278197, -94.31389575302502], [17.909026097218046, 85.68610424697498], [97.2228421720414, 18.775452979230774], [106.29773913511721, 110.89899486681053]], [[76.81489456813439, -60.277799160597546], [76.725351368082, -153.4461802376766], [161.11580047034016, -107.05213589138876], [18.884199529659853, 72.94786410861124], [103.274648631918, 26.553819762323396], [103.18510543186562, 119.72220083940246]], [[90.21259315123439, -59.429500927766895], [75.64240900705538, -149.37508372433118], [165.64076729243575, -150.2599820796803], [14.359232707564242, 29.740017920319723], [104.35759099294464, 30.624916275668827], [89.78740684876563, 120.57049907223312]], [[87.20897544464204, -48.36253508155537], [96.17480928621055, -138.0603338430664], [173.21923301200758, 17.43200952152779], [6.780766987992426, -162.5679904784722], [83.82519071378947, 41.939666156933626], [92.79102455535796, 131.63746491844464]], [[88.35202598580031, -43.62867488034063], [89.8084388314466, -133.6341862127835], [178.34092366684501, -50.26265389643163], [1.659076333155013, 129.73734610356837], [90.19156116855342, 46.3658137872165], [91.6479740141997, 136.3713251196594]], [[86.1592820256909, -46.28814214953348], [84.03102192088812, -136.69032139321567], [172.89455738295595, -103.70214313583618], [7.105442617044066, 76.29785686416383], [95.96897807911189, 43.309678606784345], [93.8407179743091, 133.71185785046652]], [[82.16999623769546, -64.67768933425282], [81.02927219523704, -155.9215901261846], [168.04987320505006, -114.15533142900796], [11.95012679494993, 65.84466857099206], [98.97072780476296, 24.0784098738154], [97.83000376230454, 115.3223106657472]], [[82.47992136108853, -67.82579912076747], [79.59889013493242, -159.21425949954354], [167.11563079105576, -122.57861137627866], [12.884369208944248, 57.42138862372135], [100.40110986506758, 20.78574050045647], [97.52007863891147, 112.17420087923253]], [[75.17340155676665, -73.02371364626632], [69.32004535919233, -168.75822178931898], [154.14381422048723, -129.91650052809757], [25.856185779512774, 50.08349947190243], [110.67995464080767, 11.241778210681039], [104.82659844323337, 106.97628635373368]]]","[[['south', 'west', 'down', 'up', 'east', 'north']], [['south', 'west', 'down', 'up', 'east', 'north']], [['south', 'west', 'down', 'up', 'east', 'north']], [['south', 'west', 'down', 'up', 'east', 'north']], [['south', 'west', 'down', 'up', 'east', 'north']], [['south', 'west', 'down', 'up', 'east', 'north']], [['south', 'west', 'down', 'up', 'east', 'north']], [['east', 'south', 'down', 'up', 'north', 'west']], [['south', 'west', 'down', 'up', 'east', 'north']], [['south', 'west', 'down', 'up', 'east', 'north']], [['south', 'west', 'down', 'up', 'east', 'north']], [['south', 'west', 'down', 'up', 'east', 'north']]]","[[['front', 'left', 'down', 'up', 'right', 'rear']], [['front', 'left', 'down', 'up', 'right', 'rear']], [['front', 'left', 'down', 'up', 'right', 'rear']], [['front', 'left', 'down', 'up', 'right', 'rear']], [['front', 'left', 'down', 'up', 'right', 'rear']], [['front', 'left', 'down', 'up', 'right', 'rear']], [['front', 'left', 'down', 'up', 'right', 'rear']], [['right', 'front', 'down', 'up', 'rear', 'left']], [['front', 'left', 'down', 'up', 'right', 'rear']], [['front', 'left', 'down', 'up', 'right', 'rear']], [['front', 'left', 'down', 'up', 'right', 'rear']], [['front', 'left', 'down', 'up', 'right', 'rear']]]","[0.2, 9.8, 16.4, 23.0, 29.4, 34.2, 42.6, 46.0, 52.6, 57.4, 60.4, 64.6]",5.854545454545455,1.944859722150412,"['up', 'right', 'left', 'down', 'rear', 'front', 'right', 'up', 'left', 'up', 'down', 'rear']","state2      down     front      left      rear     right        up
state1                                                            
down         NaN       NaN       NaN  0.181818       NaN       NaN
front        NaN       NaN       NaN       NaN  0.090909       NaN
left    0.090909       NaN       NaN       NaN       NaN  0.090909
rear         NaN  0.090909       NaN       NaN       NaN       NaN
right        NaN       NaN  0.090909       NaN       NaN  0.090909
up      0.090909       NaN  0.090909       NaN  0.090909       NaN","[0, 1, 1, 2, 1, 0]",5,10,13
2,rn,42,male,1,3,even,conf10,north,5,4,1,4,3,4,odd,even,odd,even,odd,even,12,12,1,4702,737,98,1959,573,605,730,940,158,73,112,316,161,120,74.39873417721519,13.958333333333275,13.999999999999991,43.923766816143406,20.034965034965083,16.805555555555568,17.548076923076902,14.873417721518988,13.16666666666668,14.038461538461531,22.39999999999999,22.253521126760592,24.393939393939384,20.689655172413783,63.2,52.80000000000021,7.000000000000004,44.600000000000094,28.59999999999993,35.99999999999997,41.60000000000005,11.99999999999999,5.200000000000002,5.000000000000002,14.199999999999982,6.600000000000003,5.8000000000000025,513,7.568344830027055,7.63770636107337,"[4, 5, 3, 2, 4, 6, 1, 5, 4, 2, 6, 3, 1]","[[[91.37650110645545, -33.88076706430382], [88.54833250788936, -123.84587733339713], [177.99927384814, -167.34119618608966], [2.00072615185999, 12.658803813910346], [91.45166749211066, 56.15412266660289], [88.62349889354455, 146.1192329356962]], [[94.81899913628887, -49.26742506344632], [73.62911508373811, -137.84828430700324], [162.8959922162529, -155.16828725438995], [17.104007783747115, 24.831712745610034], [106.37088491626189, 42.151715692996774], [85.18100086371115, 130.7325749365537]], [[98.16740891720607, -49.32067410551238], [88.01656962602063, -139.0358940364754], [171.59200396655842, 144.51423027332055], [8.40799603344157, -35.48576972667945], [91.98343037397939, 40.96410596352459], [81.83259108279393, 130.67932589448765]], [[95.75717597573471, -57.65897674739965], [90.65299006727702, -147.72481486837447], [174.20566180728684, 115.82640750773427], [5.794338192713177, -64.17359249226573], [89.347009932723, 32.275185131625534], [84.2428240242653, 122.34102325260037]], [[93.40729362417294, -61.12855849514745], [95.15010869535024, -151.43601921327698], [173.8196970675745, 62.22634028469601], [6.180302932425495, -117.77365971530399], [84.84989130464977, 28.563980786723015], [86.59270637582706, 118.87144150485256]], [[94.4314428376852, -48.17231867151609], [95.20308269583552, -138.57666189343928], [173.15759979300023, 82.05719655040033], [6.842400206999771, -97.94280344959968], [84.79691730416448, 41.423338106560735], [85.5685571623148, 131.82768132848392]], [[95.61495513663272, -47.01301557999094], [86.85652166911689, -136.70365446318388], [173.56006063876373, 162.41064011893795], [6.439939361236291, -17.589359881062062], [93.14347833088313, 43.29634553681612], [84.38504486336728, 132.98698442000907]], [[92.89962391642659, -48.17473516161469], [92.59319316807766, -138.30617347087727], [176.10847377007636, 89.95018472480962], [3.8915262299236315, -90.04981527519038], [87.40680683192234, 41.69382652912276], [87.10037608357341, 131.8252648383853]], [[87.88002723311838, -51.35718563939193], [85.88969557880064, -141.50960014932835], [175.37351606890692, -114.135282182679], [4.6264839310931025, 65.86471781732101], [94.11030442119936, 38.49039985067163], [92.11997276688162, 128.64281436060807]], [[83.70251849763808, -60.38116832787675], [90.71651320968954, -150.30209226458726], [173.66155989978142, -53.837633975228414], [6.338440100218567, 126.16236602477159], [89.28348679031048, 29.697907735412763], [96.2974815023619, 119.61883167212326]], [[76.80279952756077, -54.8440014763984], [86.26610681170338, -145.72086160381477], [166.2662927580273, -71.2084218186705], [13.7337072419727, 108.7915781813295], [93.73389318829662, 34.27913839618524], [103.19720047243925, 125.15599852360161]], [[88.89722720406253, -49.955693237258295], [88.03757487793845, -139.9934835114365], [177.7487399139384, -110.63776756676509], [2.251260086061601, 69.36223243323492], [91.96242512206155, 40.00651648856351], [91.10277279593748, 130.0443067627417]], [[84.97011837591025, -38.67548825962636], [93.76051213986015, -128.344031821317], [173.71396572395187, -1.7109940673195216], [6.286034276048139, 178.28900593268048], [86.23948786013985, 51.65596817868301], [95.02988162408977, 141.32451174037365]]]","[[['east', 'south', 'down', 'up', 'north', 'west']], [['south', 'west', 'down', 'up', 'east', 'north']], [['south', 'west', 'down', 'up', 'east', 'north']], [['south', 'west', 'down', 'up', 'east', 'north']], [['south', 'west', 'down', 'up', 'east', 'north']], [['south', 'west', 'down', 'up', 'east', 'north']], [['south', 'west', 'down', 'up', 'east', 'north']], [['south', 'west', 'down', 'up', 'east', 'north']], [['south', 'west', 'down', 'up', 'east', 'north']], [['south', 'west', 'down', 'up', 'east', 'north']], [['south', 'west', 'down', 'up', 'east', 'north']], [['south', 'west', 'down', 'up', 'east', 'north']], [['east', 'south', 'down', 'up', 'north', 'west']]]","[[['right', 'front', 'down', 'up', 'rear', 'left']], [['front', 'left', 'down', 'up', 'right', 'rear']], [['front', 'left', 'down', 'up', 'right', 'rear']], [['front', 'left', 'down', 'up', 'right', 'rear']], [['front', 'left', 'down', 'up', 'right', 'rear']], [['front', 'left', 'down', 'up', 'right', 'rear']], [['front', 'left', 'down', 'up', 'right', 'rear']], [['front', 'left', 'down', 'up', 'right', 'rear']], [['front', 'left', 'down', 'up', 'right', 'rear']], [['front', 'left', 'down', 'up', 'right', 'rear']], [['front', 'left', 'down', 'up', 'right', 'rear']], [['front', 'left', 'down', 'up', 'right', 'rear']], [['right', 'front', 'down', 'up', 'rear', 'left']]]","[0.8, 9.6, 14.6, 17.2, 21.4, 23.2, 27.4, 39.6, 43.4, 50.8, 54.6, 56.8, 60.2]",4.95,2.923610781208744,"['up', 'right', 'down', 'left', 'up', 'rear', 'front', 'right', 'up', 'left', 'rear', 'down', 'right']","state2      down     front      left      rear     right        up
state1                                                            
down         NaN       NaN  0.083333       NaN  0.083333       NaN
front        NaN       NaN       NaN       NaN  0.083333       NaN
left         NaN       NaN       NaN  0.083333       NaN  0.083333
rear    0.083333  0.083333       NaN       NaN       NaN       NaN
right   0.083333       NaN       NaN       NaN       NaN  0.083333
up           NaN       NaN  0.083333  0.083333  0.083333       NaN","[0, 1, 1, 2, 1, 1]",6,12,13
8,cm,29,male,0,16,odd,conf3,north,4,4,2,2,5,5,even,even,even,even,odd,odd,10,10,1,2658,385,666,231,245,759,372,653,74,94,152,166,91,76,48.15217391304348,14.154411764705916,12.566037735849006,19.576271186440696,20.41666666666669,16.012658227848057,14.418604651162823,11.829710144927535,16.086956521739125,14.242424242424237,16.88888888888889,17.29166666666667,12.999999999999991,13.103448275862064,55.2,27.19999999999993,53.00000000000021,11.79999999999999,11.99999999999999,47.40000000000013,25.79999999999994,4.600000000000001,6.600000000000003,9.0,9.599999999999998,7.000000000000004,5.8000000000000025,777,11.797967811304463,12.1799856304577,"[5, 1, 2, 6, 4, 3, 4]","[[[82.98871901982776, -36.7085948337239], [100.21007193765915, -125.43934880331598], [167.57150176811862, 19.37093320067738], [12.428498231881376, -160.62906679932263], [79.78992806234085, 54.56065119668402], [97.01128098017226, 143.29140516627612]], [[91.20206474869346, 45.65741365867004], [79.91936483253969, -44.12885328142196], [169.8464574160822, -51.07104254976427], [10.153542583917815, 128.9289574502357], [100.08063516746031, 135.87114671857805], [88.79793525130655, -134.34258634132996]], [[108.04396152350523, 117.690594177679], [71.52938737543774, 33.93758960946865], [153.69966311109064, -13.543119328542742], [26.30033688890936, 166.45688067145727], [108.47061262456226, -146.06241039053137], [71.95603847649478, -62.309405822321]], [[122.15714346642358, -149.4374316892662], [90.19855893251645, 120.43773579875045], [147.84209298321326, 30.121912384303215], [32.15790701678675, -149.87808761569678], [89.80144106748357, -59.56226420124956], [57.842856533576445, 30.56256831073382]], [[102.89559370281906, -125.38734217846239], [98.24891137921445, 142.71056550852387], [164.61434740163347, 20.918442091147437], [15.385652598366535, -159.08155790885257], [81.75108862078557, -37.28943449147612], [77.10440629718094, 54.61265782153761]], [[102.8746872541008, -115.53718872560677], [101.62212066648321, 151.76835732961447], [162.51907938801241, 20.99494060692409], [17.480920611987592, -159.0050593930759], [78.37787933351679, -28.231642670385554], [77.12531274589921, 64.46281127439325]], [[100.50501029976945, -123.46860992275883], [98.47867003337377, 144.94741525077657], [166.4391314699483, 16.77500883514221], [13.56086853005169, -163.2249911648578], [81.52132996662624, -35.05258474922342], [79.49498970023055, 56.531390077241184]]]","[[['east', 'south', 'down', 'up', 'north', 'west']], [['north', 'east', 'down', 'up', 'west', 'south']], [['north', 'east', 'down', 'up', 'west', 'south']], [['west', 'north', 'down', 'up', 'south', 'east']], [['south', 'west', 'down', 'up', 'east', 'north']], [['south', 'west', 'down', 'up', 'east', 'north']], [['south', 'west', 'down', 'up', 'east', 'north']]]","[[['right', 'front', 'down', 'up', 'rear', 'left']], [['rear', 'right', 'down', 'up', 'left', 'front']], [['rear', 'right', 'down', 'up', 'left', 'front']], [['left', 'rear', 'down', 'up', 'front', 'right']], [['front', 'left', 'down', 'up', 'right', 'rear']], [['front', 'left', 'down', 'up', 'right', 'rear']], [['front', 'left', 'down', 'up', 'right', 'rear']]]","[2.6, 10.0, 16.4, 24.0, 29.2, 36.6, 49.2]",7.766666666666667,2.313487026594752,"['rear', 'rear', 'right', 'right', 'up', 'down', 'up']","state2      down      rear     right        up
state1                                        
down         NaN       NaN       NaN  0.166667
rear         NaN  0.166667  0.166667       NaN
right        NaN       NaN  0.166667  0.166667
up      0.166667       NaN       NaN       NaN","[0, 0, 0, 0, 0, 0]",0,6,17
8,cm,29,male,0,17,odd,conf2,north,5,6,4,1,3,5,odd,even,even,odd,odd,odd,14,14,1,3217,1052,329,405,124,358,949,638,107,65,196,78,107,85,58.7043795620438,21.38211382113814,17.688172043010784,19.47115384615389,21.379310344827577,16.574074074074108,20.277777777777725,11.642335766423358,14.861111111111104,15.476190476190473,17.50000000000001,20.52631578947368,16.212121212121204,16.34615384615384,54.8,49.20000000000016,18.59999999999997,20.79999999999996,5.8000000000000025,21.599999999999955,46.800000000000125,7.200000000000004,4.200000000000001,11.199999999999992,3.800000000000001,6.600000000000003,5.200000000000002,829,12.765268034875778,13.17835370471404,"[1, 2, 6, 5, 4, 3]","[[[87.04842283887007, 45.20518709658007], [92.86742369295398, -44.646843793488166], [175.88314344605467, 89.45134173718702], [4.116856553945337, -90.54865826281299], [87.13257630704602, 135.35315620651184], [92.95157716112993, -134.79481290341994]], [[90.62117227914305, 138.91154709606104], [97.31733252989137, 48.83177893908001], [172.65606111575016, -126.26288194296183], [7.343938884249831, 53.737118057038195], [82.68266747010864, -131.16822106092002], [89.37882772085695, -41.088452903938965]], [[86.84628806673305, -130.3141188109245], [98.93313942637992, 140.18211572577533], [170.5179040496036, -59.57608171891707], [9.482095950396396, 120.42391828108293], [81.06686057362009, -39.81788427422469], [93.15371193326695, 49.68588118907548]], [[80.36752167858585, -46.45375083578973], [95.13124574527522, -135.58050383265964], [169.0629530553825, -17.890175456859662], [10.937046944617498, 162.10982454314032], [84.86875425472479, 44.41949616734038], [99.63247832141415, 133.54624916421028]], [[80.39560411548788, -28.29978089835023], [84.59979168678713, -119.2163385547287], [168.95633350163396, -58.18631999082387], [11.043666498366058, 121.81368000917612], [95.40020831321289, 60.7836614452713], [99.60439588451212, 151.70021910164976]], [[86.75332112316025, -27.3444101938549], [97.69512119158388, -116.90524905917388], [171.64034443781483, 39.94800436536133], [8.359655562185178, -140.0519956346387], [82.30487880841612, 63.09475094082611], [93.24667887683977, 152.65558980614512]]]","[[['north', 'east', 'down', 'up', 'west', 'south']], [['west', 'north', 'down', 'up', 'south', 'east']], [['south', 'west', 'down', 'up', 'east', 'north']], [['south', 'west', 'down', 'up', 'east', 'north']], [['east', 'south', 'down', 'up', 'north', 'west']], [['east', 'south', 'down', 'up', 'north', 'west']]]","[[['rear', 'right', 'down', 'up', 'left', 'front']], [['left', 'rear', 'down', 'up', 'front', 'right']], [['front', 'left', 'down', 'up', 'right', 'rear']], [['front', 'left', 'down', 'up', 'right', 'rear']], [['right', 'front', 'down', 'up', 'rear', 'left']], [['right', 'front', 'down', 'up', 'rear', 'left']]]","[1.0, 8.8, 14.2, 20.2, 28.8, 35.8]",6.959999999999999,1.1620671237067168,"['rear', 'rear', 'rear', 'right', 'up', 'down']","state2  down  rear  right   up
state1                        
rear     NaN   0.4    0.2  NaN
right    NaN   NaN    NaN  0.2
up       0.2   NaN    NaN  NaN","[0, 0, 0, 0, 0, 0]",0,4,17
8,cm,29,male,0,18,odd,conf1,north,4,6,2,1,3,5,even,even,even,odd,odd,odd,9,9,1,2806,396,757,272,105,869,407,595,112,96,118,65,64,140,59.95726495726496,14.347826086956555,18.73762376237622,15.111111111111136,16.406249999999993,20.990338164251185,19.56730769230773,12.713675213675216,21.53846153846153,14.545454545454538,15.526315789473676,19.117647058823525,15.999999999999996,15.909090909090908,46.8,27.59999999999993,40.400000000000034,17.999999999999968,6.400000000000003,41.40000000000005,20.79999999999996,5.200000000000002,6.600000000000003,7.600000000000004,3.400000000000001,4.000000000000001,8.8,906,16.11215375472369,16.66477298298303,"[5, 1, 2, 6, 4, 3, 2, 3, 6]","[[[90.67247995111015, -70.03790774499753], [92.34640805042298, -160.06546418370098], [177.55902354002845, 35.94450230126891], [2.440976459971576, -144.0554976987311], [87.65359194957703, 19.93453581629902], [89.32752004888985, 109.96209225500249]], [[85.80251841471296, 42.823038648521454], [88.41869100757042, -47.293045099424894], [175.5135356468575, 22.10761589706196], [4.486464353142519, -157.89238410293805], [91.5813089924296, 132.7069549005751], [94.19748158528704, -137.17696135147855]], [[94.79522303855559, 119.22305783032583], [85.34198853133294, 29.61467709053936], [173.30722776344928, -16.410803485378484], [6.692772236550743, 163.5891965146215], [94.65801146866707, -150.38532290946063], [85.20477696144441, -60.776942169674186]], [[99.57439087419071, -150.4826493384942], [100.52630167899169, 117.72125505736335], [165.6962908784764, -19.062948722408784], [14.303709121523628, 160.93705127759122], [79.47369832100833, -62.27874494263666], [80.4256091258093, 29.51735066150579]], [[96.76262694445603, -132.25088350001406], [101.23096009897145, 136.3998870466527], [166.84445140715295, -11.763806925766993], [13.155548592847044, 168.236193074233], [78.76903990102855, -43.600112953347306], [83.23737305554397, 47.749116499985945]], [[122.77805179670786, -147.57911814592308], [32.829566557713925, -143.97982345517013], [88.36022867722906, 123.47710174479809], [91.63977132277094, -56.522898255201916], [147.17043344228608, 36.020176544829866], [57.22194820329216, 32.42088185407695]], [[113.90748185571033, -147.53888550106618], [28.095613658956616, 178.5980026095777], [103.88065254139812, 116.17199037073838], [76.1193474586019, -63.82800962926163], [151.9043863410434, -1.401997390422297], [66.09251814428967, 32.46111449893383]], [[110.42123271805141, -143.6443468013337], [31.25978114178773, 164.1860302874087], [112.58784620775779, 117.44531748815879], [67.41215379224221, -62.55468251184122], [148.74021885821227, -15.813969712591309], [69.5787672819486, 36.3556531986663]], [[88.81760198155894, -129.54347911711545], [87.95121672950144, 140.41421663930805], [177.6342505085987, 170.42909143475242], [2.3657494914012953, -9.570908565247597], [92.04878327049856, -39.585783360691956], [91.18239801844106, 50.45652088288454]]]","[[['south', 'west', 'down', 'up', 'east', 'north']], [['east', 'south', 'down', 'up', 'north', 'west']], [['north', 'east', 'down', 'up', 'west', 'south']], [['west', 'north', 'down', 'up', 'south', 'east']], [['south', 'west', 'down', 'up', 'east', 'north']], [['west', 'up', 'north', 'south', 'down', 'east']], [['west', 'up', 'north', 'south', 'down', 'east']], [['west', 'up', 'north', 'south', 'down', 'east']], [['south', 'west', 'down', 'up', 'east', 'north']]]","[[['front', 'left', 'down', 'up', 'right', 'rear']], [['right', 'front', 'down', 'up', 'rear', 'left']], [['rear', 'right', 'down', 'up', 'left', 'front']], [['left', 'rear', 'down', 'up', 'front', 'right']], [['front', 'left', 'down', 'up', 'right', 'rear']], [['left', 'up', 'rear', 'front', 'down', 'right']], [['left', 'up', 'rear', 'front', 'down', 'right']], [['left', 'up', 'rear', 'front', 'down', 'right']], [['front', 'left', 'down', 'up', 'right', 'rear']]]","[0.2, 6.4, 12.0, 17.8, 23.2, 30.6, 40.4, 40.6, 41.8]",5.199999999999999,2.927456233660889,"['right', 'right', 'right', 'right', 'up', 'rear', 'up', 'rear', 'rear']","state2   rear  right     up
state1                     
rear    0.125    NaN  0.125
right     NaN  0.375  0.125
up      0.250    NaN    NaN","[0, 1, 1, 0, 0, 0]",2,5,17
3,at,27,female,0,1,even,conf1,north,4,6,2,1,3,5,even,even,even,odd,odd,odd,12,12,1,1283,206,170,175,265,222,245,455,50,70,89,54,111,81,46.824817518248175,12.11764705882355,16.666666666666675,13.888888888888903,18.66197183098594,23.617021276595747,14.080459770114969,16.605839416058394,11.904761904761902,19.44444444444444,17.11538461538461,14.999999999999996,24.13043478260869,17.608695652173907,27.4,16.99999999999997,10.199999999999996,12.599999999999987,14.199999999999982,9.4,17.39999999999997,4.200000000000001,3.600000000000001,5.200000000000002,3.600000000000001,4.600000000000001,4.600000000000001,645,20.53539602042841,20.98338793703882,"[6, 1, 3, 6, 5, 2, 5]","[[[95.35758445339148, -70.72016149946852], [102.48163870516181, -161.90966228114203], [166.38281893686815, 42.05625609477432], [13.617181063131882, -137.9437439052257], [77.5183612948382, 18.090337718857967], [84.64241554660852, 109.27983850053148]], [[77.68142778241435, -66.5553486424198], [120.82837199730614, -149.0670252593253], [146.28211379906813, 4.344649852129198], [33.71788620093188, -175.65535014787082], [59.17162800269387, 30.932974740674695], [102.31857221758567, 113.44465135758021]], [[75.37084063889962, -63.98689423871784], [129.9763597164904, -141.3458850432409], [136.34367294206535, 10.13669726771428], [43.65632705793466, -169.86330273228572], [50.02364028350959, 38.654114956759095], [104.62915936110039, 116.01310576128218]], [[92.6889283805907, -107.64961143071034], [67.58372355624395, -18.75968595999208], [22.594576066941766, 168.83040159969661], [157.40542393305824, -11.1695984003034], [112.41627644375605, 161.24031404000795], [87.3110716194093, 72.35038856928966]], [[142.30250536898512, -163.43042320468896], [53.657833824407064, 178.74145833168654], [98.67335561934033, 95.18527219331737], [81.32664438065967, -84.81472780668264], [126.34216617559295, -1.2585416683134414], [37.69749463101488, 16.56957679531106]], [[117.10633175327058, -172.66436404470042], [27.58277805422804, 175.80708767164484], [94.72509607342838, 94.91080140898895], [85.27490392657162, -85.08919859101105], [152.41722194577196, -4.192912328355166], [62.893668246729426, 7.335635955299583]], [[20.907692263480087, 15.6475076148192], [110.60309024333728, 5.411726047978653], [93.40298875261429, 96.69264801249585], [86.5970112473857, -83.30735198750416], [69.39690975666272, -174.58827395202135], [159.09230773651993, -164.3524923851808]]]","[[['south', 'west', 'down', 'up', 'east', 'north']], [['south', 'west', 'down', 'up', 'east', 'north']], [['south', 'west', 'down', 'up', 'east', 'north']], [['south', 'east', 'up', 'down', 'west', 'north']], [['down', 'west', 'north', 'south', 'east', 'up']], [['west', 'up', 'north', 'south', 'down', 'east']], [['up', 'east', 'north', 'south', 'west', 'down']]]","[[['front', 'left', 'down', 'up', 'right', 'rear']], [['front', 'left', 'down', 'up', 'right', 'rear']], [['front', 'left', 'down', 'up', 'right', 'rear']], [['front', 'right', 'up', 'down', 'left', 'rear']], [['down', 'left', 'rear', 'front', 'right', 'up']], [['left', 'up', 'rear', 'front', 'down', 'right']], [['up', 'right', 'rear', 'front', 'left', 'down']]]","[1.4, 3.0, 4.4, 10.6, 18.6, 21.4, 25.4]",4.0,2.40831891575846,"['rear', 'front', 'down', 'rear', 'right', 'up', 'left']","state2      down     front      left      rear     right        up
state1                                                            
down         NaN       NaN       NaN  0.166667       NaN       NaN
front   0.166667       NaN       NaN       NaN       NaN       NaN
rear         NaN  0.166667       NaN       NaN  0.166667       NaN
right        NaN       NaN       NaN       NaN       NaN  0.166667
up           NaN       NaN  0.166667       NaN       NaN       NaN","[0, 0, 0, 0, 0, 1]",1,6,16
3,at,27,female,0,2,even,conf2,north,5,6,4,1,3,5,odd,even,even,odd,odd,odd,10,10,1,1909,594,168,392,255,118,382,510,62,61,103,91,62,131,58.20121951219512,21.3669064748202,17.872340425531917,18.666666666666703,25.00000000000001,14.749999999999991,20.31914893617025,15.54878048780488,12.399999999999997,16.94444444444444,20.599999999999994,18.199999999999992,19.375,16.374999999999993,32.8,27.799999999999933,9.4,20.99999999999996,10.199999999999996,8.000000000000004,18.799999999999965,5.000000000000002,3.600000000000001,5.000000000000002,5.000000000000002,3.2000000000000006,8.000000000000004,689,18.37976830849672,18.487432176493467,"[1, 4, 3, 4, 6, 4, 3, 5, 6, 2]","[[[76.20020637474096, -71.50981415563967], [131.22262862947605, -149.08283250159693], [135.50653014592848, 4.012587771157757], [44.49346985407154, -175.98741222884226], [48.77737137052399, 30.917167498403096], [103.79979362525904, 108.49018584436034]], [[91.77056439618788, -68.31106517843487], [80.07907515512558, -158.00128573930218], [169.91916545267188, -168.32431655505522], [10.080834547328125, 11.675683444944784], [99.92092484487443, 21.998714260697827], [88.22943560381212, 111.68893482156513]], [[98.20132598809423, -73.0105173654854], [49.99492876100761, -156.0631419293254], [138.8149820341709, -172.4915149861911], [41.18501796582912, 7.508485013808916], [130.0050712389924, 23.93685807067458], [81.79867401190579, 106.98948263451462]], [[104.15872689653253, -71.91918976418681], [28.7218371616192, -134.50829237220253], [114.43401693592554, -168.500698824014], [65.56598306407447, 11.499301175986007], [151.27816283838078, 45.49170762779749], [75.84127310346749, 108.08081023581319]], [[99.23057069673797, -93.61888012620487], [28.100882430904594, -21.33777062677478], [63.712823638888246, -179.01460434846985], [116.28717636111175, 0.9853956515301596], [151.8991175690954, 158.66222937322522], [80.76942930326204, 86.38111987379513]], [[86.23117056255069, -90.17578523867279], [47.33059614602647, 3.305426702490252], [42.917691227662374, 175.76172268644478], [137.08230877233765, -4.238277313555205], [132.66940385397353, -176.69457329750978], [93.76882943744931, 89.82421476132721]], [[88.16950064377082, -99.5947894475499], [108.70504014934234, -10.214781823699884], [18.801060123646252, -4.208297916606051], [161.19893987635376, 175.79170208339397], [71.29495985065766, 169.78521817630013], [91.8304993562292, 80.4052105524501]], [[127.09820251117218, -179.27706355991293], [142.18303021212085, -12.2824710240558], [83.6814722939353, -94.08050707359618], [96.3185277060647, 85.91949292640382], [37.81696978787915, 167.71752897594422], [52.90179748882783, 0.722936440087074]], [[132.22333785849978, 178.04253480730074], [137.75843099076474, -4.006111264279513], [88.98029060275837, -92.88297630022292], [91.01970939724164, 87.11702369977708], [42.24156900923526, 175.99388873572047], [47.77666214150024, -1.957465192699259]], [[101.93680241342187, -0.2298417511982992], [14.15267605355838, 32.801593385471115], [82.50739058099155, -88.63657756157811], [97.49260941900845, 91.3634224384219], [165.8473239464416, -147.1984066145289], [78.06319758657814, 179.77015824880172]]]","[[['south', 'west', 'down', 'up', 'east', 'north']], [['south', 'west', 'down', 'up', 'east', 'north']], [['south', 'west', 'down', 'up', 'east', 'north']], [['south', 'up', 'west', 'east', 'down', 'north']], [['south', 'up', 'west', 'east', 'down', 'north']], [['south', 'east', 'up', 'down', 'west', 'north']], [['south', 'east', 'up', 'down', 'west', 'north']], [['west', 'down', 'south', 'north', 'up', 'east']], [['west', 'down', 'south', 'north', 'up', 'east']], [['east', 'up', 'south', 'north', 'down', 'west']]]","[[['front', 'left', 'down', 'up', 'right', 'rear']], [['front', 'left', 'down', 'up', 'right', 'rear']], [['front', 'left', 'down', 'up', 'right', 'rear']], [['front', 'up', 'left', 'right', 'down', 'rear']], [['front', 'up', 'left', 'right', 'down', 'rear']], [['front', 'right', 'up', 'down', 'left', 'rear']], [['front', 'right', 'up', 'down', 'left', 'rear']], [['left', 'down', 'front', 'rear', 'up', 'right']], [['left', 'down', 'front', 'rear', 'up', 'right']], [['right', 'up', 'front', 'rear', 'down', 'left']]]","[4.0, 6.8, 8.4, 9.4, 14.0, 18.4, 19.6, 24.6, 27.4, 29.8]",2.8666666666666667,1.4142135623730945,"['front', 'up', 'down', 'right', 'rear', 'down', 'up', 'up', 'right', 'up']","state2      down      rear     right        up
state1                                        
down         NaN       NaN  0.111111  0.111111
front        NaN       NaN       NaN  0.111111
rear    0.111111       NaN       NaN       NaN
right        NaN  0.111111       NaN  0.111111
up      0.111111       NaN  0.111111  0.111111","[0, 0, 1, 2, 0, 1]",4,9,16
3,at,27,female,0,3,even,conf3,north,4,4,2,2,5,5,even,even,even,even,odd,odd,12,12,1,1414,313,293,148,147,332,181,529,73,113,59,47,157,80,44.1875,12.32283464566932,17.440476190476218,12.758620689655183,13.61111111111112,18.0434782608696,14.36507936507938,16.53125,16.590909090909086,20.92592592592592,17.352941176470583,21.363636363636367,17.84090909090909,22.22222222222221,32.0,25.39999999999994,16.799999999999972,11.59999999999999,10.799999999999994,18.399999999999967,12.599999999999987,4.400000000000001,5.400000000000002,3.400000000000001,2.2,8.8,3.600000000000001,665,18.667311584721464,19.613316647786807,"[6, 1, 3, 6, 4, 2, 5, 2]","[[[91.14502235194828, -72.80179068546072], [101.4409970804306, -163.03355191230102], [168.50030399862308, 22.83617028736549], [11.499696001376913, -157.1638297126345], [78.5590029195694, 16.96644808769897], [88.85497764805173, 107.1982093145393]], [[77.69948452965001, -77.03669741139348], [116.98820387044844, -160.66126688873592], [149.91231495393487, -9.14343562924026], [30.08768504606513, 170.85656437075974], [63.01179612955155, 19.338733111264073], [102.30051547035, 102.96330258860654]], [[82.00885300858783, -88.42214759352628], [168.3491836333557, -135.51378250526827], [98.42288729878261, 0.38674196681723366], [81.5771127012174, -179.61325803318277], [11.650816366644309, 44.48621749473175], [97.99114699141218, 91.57785240647372]], [[83.85850707326419, -109.56917151999835], [100.93571549024733, -20.760458855620715], [12.579539872184363, 9.259427895914204], [167.42046012781563, -170.7405721040858], [79.06428450975268, 159.23954114437927], [96.14149292673582, 70.43082848000165]], [[104.71445533700151, -90.27547294450106], [30.46200988892782, -26.79534214792872], [63.97607038683868, -172.90863672017684], [116.02392961316133, 7.091363279823153], [149.5379901110722, 153.20465785207128], [75.2855446629985, 89.72452705549894]], [[106.56250569878026, -93.62953485518594], [32.66253260719399, -155.98944761317208], [117.27510349074487, 167.55014866941718], [62.724896509255146, -12.449851330582819], [147.33746739280602, 24.010552386827918], [73.43749430121974, 86.37046514481408]], [[127.78609477313927, -176.3460654578572], [37.79878833124986, -174.6130750947782], [89.16069023956574, 94.30470427640675], [90.83930976043426, -85.69529572359325], [142.20121166875015, 5.3869249052218215], [52.213905226860746, 3.653934542142786]], [[25.85041651164879, -10.066458228237373], [115.42880033645643, 1.0274409083374556], [85.65451367374236, 88.95695366922858], [94.34548632625766, -91.04304633077143], [64.57119966354357, -178.97255909166256], [154.1495834883512, 169.93354177176263]]]","[[['south', 'west', 'down', 'up', 'east', 'north']], [['south', 'west', 'down', 'up', 'east', 'north']], [['south', 'down', 'east', 'west', 'up', 'north']], [['south', 'east', 'up', 'down', 'west', 'north']], [['south', 'up', 'west', 'east', 'down', 'north']], [['south', 'up', 'west', 'east', 'down', 'north']], [['west', 'up', 'north', 'south', 'down', 'east']], [['up', 'east', 'north', 'south', 'west', 'down']]]","[[['front', 'left', 'down', 'up', 'right', 'rear']], [['front', 'left', 'down', 'up', 'right', 'rear']], [['front', 'down', 'right', 'left', 'up', 'rear']], [['front', 'right', 'up', 'down', 'left', 'rear']], [['front', 'up', 'left', 'right', 'down', 'rear']], [['front', 'up', 'left', 'right', 'down', 'rear']], [['left', 'up', 'rear', 'front', 'down', 'right']], [['up', 'right', 'rear', 'front', 'left', 'down']]]","[1.0, 3.2, 4.8, 9.0, 11.4, 15.0, 16.8, 25.8]",3.542857142857143,2.394551638829367,"['rear', 'front', 'right', 'rear', 'right', 'up', 'down', 'right']","state2      down     front      rear     right        up
state1                                                  
down         NaN       NaN       NaN  0.142857       NaN
front        NaN       NaN       NaN  0.142857       NaN
rear         NaN  0.142857       NaN  0.142857       NaN
right        NaN       NaN  0.142857       NaN  0.142857
up      0.142857       NaN       NaN       NaN       NaN","[0, 0, 0, 0, 0, 1]",1,7,16
9,el,27,female,1,16,odd,conf10,north,5,4,1,4,3,4,odd,even,odd,even,odd,even,9,9,1,3158,258,250,808,982,679,181,548,125,48,94,138,106,37,68.65217391304348,11.415929203539848,14.7058823529412,21.489361702127663,25.309278350515456,16.090047393364905,9.731182795698942,11.91304347826087,14.204545454545451,17.142857142857142,15.66666666666666,16.428571428571423,15.142857142857135,14.23076923076923,46.0,22.59999999999995,16.99999999999997,37.6,38.80000000000001,42.20000000000006,18.59999999999997,8.8,2.8000000000000003,6.000000000000003,8.400000000000002,7.000000000000004,2.6,956,18.84646574159817,20.812281709641685,"[5, 4, 5, 3, 2, 1, 6]","[[[91.30049162749071, -63.07523576774404], [90.34204701032579, -153.0830009289898], [178.65526403167647, 102.18392301306386], [1.344735968323529, -77.81607698693614], [89.65795298967421, 26.91699907101021], [88.69950837250929, 116.92476423225597]], [[80.4324602055276, -42.005466852209885], [66.66830132276702, -136.17464426460964], [154.56313420670898, -111.24961150954333], [25.43686579329101, 68.75038849045667], [113.33169867723298, 43.82535573539037], [99.56753979447241, 137.99453314779012]], [[141.13629828014064, -76.78694702242831], [92.5792686663393, -169.99145091429904], [128.74490231586847, 97.93699387516399], [51.25509768413153, -82.06300612483602], [87.4207313336607, 10.008549085700981], [38.86370171985938, 103.21305297757169]], [[114.65786057343544, 67.50270589547182], [65.8591807943041, 145.6299365341871], [35.74832950677851, 17.124035749910938], [144.2516704932215, -162.87596425008905], [114.14081920569592, -34.37006346581291], [65.34213942656456, -112.4972941045282]], [[74.03896184004797, 64.83011798407819], [50.484894566930116, 168.47449161864938], [43.88074611498916, -42.471865144476766], [136.11925388501083, 137.52813485552326], [129.5151054330699, -11.525508381350626], [105.96103815995204, -115.16988201592181]], [[53.761461511121745, 151.72089030218208], [94.360724244088, -121.48303888478357], [36.585253638597806, -37.37969100880389], [143.4147463614022, 142.6203089911961], [85.63927575591201, 58.51696111521644], [126.23853848887826, -28.27910969781792]], [[98.60031987017499, -156.85201019042623], [37.20370930026172, 124.63972166421053], [125.86425320716974, 106.8709009480037], [54.13574679283027, -73.12909905199632], [142.79629069973828, -55.36027833578947], [81.39968012982501, 23.147989809573783]]]","[[['south', 'west', 'down', 'up', 'east', 'north']], [['east', 'west', 'down', 'up', 'east', 'west']], [['down', 'west', 'north', 'south', 'east', 'up']], [['north', 'west', 'up', 'down', 'east', 'south']], [['north', 'west', 'up', 'down', 'east', 'south']], [['west', 'south', 'up', 'down', 'north', 'east']], [['west', 'up', 'north', 'south', 'down', 'east']]]","[[['front', 'left', 'down', 'up', 'right', 'rear']], [['right', 'left', 'down', 'up', 'right', 'left']], [['down', 'left', 'rear', 'front', 'right', 'up']], [['rear', 'left', 'up', 'down', 'right', 'front']], [['rear', 'left', 'up', 'down', 'right', 'front']], [['left', 'front', 'up', 'down', 'rear', 'right']], [['left', 'up', 'rear', 'front', 'down', 'right']]]","[0.2, 1.0, 9.8, 16.2, 22.0, 28.2, 38.0]",6.3,2.858321185591291,"['right', 'up', 'right', 'up', 'left', 'left', 'right']","state2      left     right        up
state1                              
left    0.166667  0.166667       NaN
right        NaN       NaN  0.333333
up      0.166667  0.166667       NaN","[0, 0, 0, 0, 1, 0]",1,5,12
9,el,27,female,1,17,odd,conf11,north,5,4,1,4,3,3,odd,even,odd,even,odd,odd,12,12,1,2261,164,321,515,591,463,207,422,93,56,95,68,65,45,68.1024096385542,10.379746835443054,16.050000000000033,17.758620689655217,19.44078947368426,15.130718954248405,13.44155844155846,12.710843373493974,14.090909090909085,13.999999999999996,15.833333333333329,15.45454545454545,17.105263157894733,14.999999999999998,33.2,15.799999999999976,19.99999999999996,28.99999999999993,30.399999999999924,30.599999999999923,15.399999999999975,6.600000000000003,4.000000000000001,6.000000000000003,4.400000000000001,3.800000000000001,3.0000000000000004,931,24.54897074561341,24.54897074561341,"[4, 3, 5, 3, 2, 4, 1, 6]","[[[47.79010801544509, -26.621160230405636], [72.41530710602922, -133.3276769577445], [132.55313262003574, -60.24246175513566], [47.44686737996426, 119.75753824486436], [107.5846928939708, 46.6723230422555], [132.20989198455493, 153.37883976959438]], [[41.061729832803586, -22.52172347918535], [60.5533735891814, -152.91434625347085], [115.8271489791196, -78.77157344691145], [64.1728510208804, 101.22842655308855], [119.4466264108186, 27.085653746529157], [138.93827016719644, 157.47827652081466]], [[139.9100323174442, -58.903358813196455], [86.71594444929974, -144.99472230477485], [129.8990321470792, 127.75514655728207], [50.10096785292081, -52.24485344271793], [93.28405555070027, 35.005277695225146], [40.08996768255578, 121.09664118680354]], [[128.69360764450926, 103.53683206701882], [73.06554352535083, 179.4212420150747], [43.60499046623444, 70.77766873321715], [136.39500953376557, -109.22233126678285], [106.93445647464917, -0.5787579849252921], [51.30639235549076, -76.46316793298118]], [[52.67962723227015, 64.62131152849291], [59.2319174920419, -178.38572138614722], [52.49129730540281, -61.19311036497695], [127.5087026945972, 118.80688963502307], [120.76808250795811, 1.6142786138527765], [127.32037276772986, -115.3786884715071]], [[62.2912158700697, 82.83623100722937], [66.8189913316623, -174.16688222407217], [37.53345718983553, -50.29224437338935], [142.4665428101645, 129.70775562661063], [113.18100866833771, 5.833117775927826], [117.7087841299303, -97.16376899277064]], [[53.09450286164642, 173.67286651574807], [120.9474306808288, -123.08954066698253], [52.24177915206725, -60.761408700020056], [127.75822084793275, 119.23859129997996], [59.05256931917119, 56.91045933301746], [126.9054971383536, -6.327133484251912]], [[82.54444960293354, -154.25596835767266], [33.58815892407799, 104.37932324141133], [122.53311513573153, 120.53239827133267], [57.46688486426848, -59.46760172866735], [146.411841075922, -75.62067675858867], [97.45555039706647, 25.74403164232734]]]","[[['east', 'south', 'south', 'north', 'north', 'west']], [['up', 'west', 'south', 'north', 'east', 'down']], [['down', 'west', 'north', 'south', 'east', 'up']], [['north', 'west', 'up', 'down', 'east', 'south']], [['north', 'west', 'south', 'north', 'east', 'south']], [['north', 'west', 'up', 'down', 'east', 'south']], [['west', 'south', 'south', 'north', 'north', 'east']], [['west', 'up', 'north', 'south', 'down', 'east']]]","[[['right', 'front', 'front', 'rear', 'rear', 'left']], [['up', 'left', 'front', 'rear', 'right', 'down']], [['down', 'left', 'rear', 'front', 'right', 'up']], [['rear', 'left', 'up', 'down', 'right', 'front']], [['rear', 'left', 'front', 'rear', 'right', 'front']], [['rear', 'left', 'up', 'down', 'right', 'front']], [['left', 'front', 'front', 'rear', 'rear', 'right']], [['left', 'up', 'rear', 'front', 'down', 'right']]]","[2.2, 5.0, 8.8, 13.6, 18.2, 20.6, 22.4, 29.8]",3.942857142857143,1.74916889885874,"['rear', 'front', 'right', 'up', 'left', 'down', 'left', 'right']","state2      down     front      left     right        up
state1                                                  
down         NaN       NaN  0.142857       NaN       NaN
front        NaN       NaN       NaN  0.142857       NaN
left    0.142857       NaN       NaN  0.142857       NaN
rear         NaN  0.142857       NaN       NaN       NaN
right        NaN       NaN       NaN       NaN  0.142857
up           NaN       NaN  0.142857       NaN       NaN","[0, 0, 1, 1, 0, 0]",2,7,12
9,el,27,female,1,18,odd,conf12,north,5,4,2,4,2,5,odd,even,even,even,even,odd,10,10,1,2498,249,337,388,633,637,254,352,50,64,79,51,52,56,68.62637362637363,9.960000000000022,13.16406250000003,17.168141592920392,20.41935483870973,19.90625000000005,10.67226890756305,9.670329670329672,11.36363636363636,16.84210526315789,14.629629629629624,13.421052631578943,12.999999999999996,9.999999999999996,36.4,24.999999999999943,25.59999999999994,22.59999999999995,30.99999999999992,31.99999999999992,23.799999999999947,4.400000000000001,3.800000000000001,5.400000000000002,3.800000000000001,4.000000000000001,5.600000000000002,796,20.032552907732004,20.140649942520213,"[4, 5, 3, 2, 1, 6]","[[[61.19742055821466, -27.957751859706693], [64.08146082340747, -133.4551649614569], [139.4192683644557, -78.02299259217389], [40.58073163554431, 101.97700740782612], [115.91853917659253, 46.54483503854311], [118.80257944178534, 152.0422481402933]], [[122.49827905908938, -72.37175090563879], [76.14584710052229, -153.33269732929278], [143.9693391986411, 136.48751368911715], [36.030660801358884, -43.51248631088286], [103.85415289947771, 26.667302670707215], [57.50172094091062, 107.62824909436122]], [[172.64913362039377, 127.15282169103203], [86.57797368853787, -170.4617374183148], [83.50201694129612, 99.14802682489157], [96.4979830587039, -80.85197317510843], [93.42202631146215, 9.538262581685196], [7.35086637960625, -52.84717830896796]], [[66.84288906311201, 79.81513916041321], [58.738899715453186, -175.13514524317858], [40.625451137891616, -40.09062795500421], [139.37454886210838, 139.9093720449958], [121.26110028454681, 4.864854756821428], [113.15711093688799, -100.18486083958679]], [[58.54316411908175, 161.1197485308978], [113.62981659731686, -124.40489225988863], [41.14931884699756, -64.44827055326508], [138.85068115300245, 115.55172944673494], [66.37018340268315, 55.595107740111395], [121.45683588091826, -18.8802514691022]], [[95.06797803239812, -142.7733807131116], [46.8814581722746, 131.99012745519474], [136.43359469692936, 121.87675621978607], [43.56640530307064, -58.12324378021394], [133.1185418277254, -48.00987254480528], [84.93202196760188, 37.226619286888386]]]","[[['east', 'south', 'down', 'up', 'north', 'west']], [['south', 'west', 'down', 'up', 'east', 'north']], [['down', 'west', 'north', 'south', 'east', 'up']], [['north', 'west', 'up', 'down', 'east', 'south']], [['west', 'south', 'up', 'down', 'north', 'east']], [['west', 'north', 'down', 'up', 'south', 'east']]]","[[['right', 'front', 'down', 'up', 'rear', 'left']], [['front', 'left', 'down', 'up', 'right', 'rear']], [['down', 'left', 'rear', 'front', 'right', 'up']], [['rear', 'left', 'up', 'down', 'right', 'front']], [['left', 'front', 'up', 'down', 'rear', 'right']], [['left', 'rear', 'down', 'up', 'front', 'right']]]","[2.8, 4.4, 9.2, 17.0, 20.2, 26.6]",4.76,2.206898275861396,"['up', 'right', 'rear', 'left', 'left', 'right']","state2  left  rear  right
state1                   
left     0.2   NaN    0.2
rear     0.2   NaN    NaN
right    NaN   0.2    NaN
up       NaN   NaN    0.2","[0, 0, 0, 0, 0, 0]",0,5,12
10,cf,27,female,1,1,odd,conf12,west,5,4,2,4,2,5,odd,even,even,even,even,odd,10,11,0,6243,278,190,1326,3488,150,811,726,131,58,80,81,42,334,118.23863636363636,12.752293577981678,10.674157303370803,27.06122448979584,66.06060606060579,17.857142857142854,20.47979797979797,13.75,12.358490566037744,11.599999999999996,14.81481481481481,21.315789473684205,19.090909090909093,18.152173913043512,52.8,21.799999999999955,17.79999999999997,49.00000000000016,52.80000000000021,8.400000000000002,39.60000000000002,10.599999999999994,5.000000000000002,5.400000000000002,3.800000000000001,2.2,18.399999999999967,1112,18.698979506842843,19.3330583030863,"[4, 3, 5, 3, 2, 6, 1, 6, 1, 6]","[[[89.37818095481511, 6.173958048032446], [88.11853067296948, -83.84646928798321], [178.0183683816135, -65.54497961588288], [1.9816316183865206, 114.45502038411712], [91.88146932703052, 96.15353071201679], [90.62181904518489, -173.82604195196757]], [[122.63908917217557, -34.572813230019825], [130.149925098002, -157.27659217954587], [122.79400529589363, 79.79996737493403], [57.20599470410638, -100.20003262506599], [49.850074901998, 22.72340782045414], [57.36091082782442, 145.42718676998018]], [[128.82065350969833, -43.23115936502215], [131.71357279681024, -179.05718318050586], [113.90843821922343, 67.66637295300782], [66.09156178077659, -112.33362704699218], [48.28642720318977, 0.9428168194941411], [51.17934649030166, 136.76884063497786]], [[139.69152480106635, -31.86105583490165], [118.73945043055366, 98.41212894137995], [64.35665503530308, 23.675098309925865], [115.64334496469691, -156.32490169007414], [61.26054956944637, -81.58787105862007], [40.30847519893366, 148.13894416509837]], [[131.94385547240262, -21.413467719882686], [56.49453117917903, 32.08000102238758], [60.098253710450415, -80.29747325506963], [119.90174628954959, 99.70252674493038], [123.50546882082098, -147.91999897761244], [48.05614452759739, 158.58653228011732]], [[136.87955360533428, -28.395907162727113], [61.35319868950708, 25.91773679175964], [60.84177859332876, -81.82730132860459], [119.15822140667125, 98.17269867139542], [118.64680131049292, -154.08226320824036], [43.12044639466573, 151.60409283727287]], [[129.93123635614884, -39.461642886804285], [102.66809055680109, 61.383141220771144], [42.71077491192013, -14.524007280418106], [137.28922508807986, 165.4759927195819], [77.33190944319892, -118.61685877922886], [50.06876364385118, 140.5383571131957]], [[115.69062544276142, -30.019375136147886], [89.27872137092139, 59.633621786013876], [25.702244298221505, -31.865184384511657], [154.2977557017785, 148.13481561548835], [90.72127862907861, -120.36637821398614], [64.3093745572386, 149.9806248638521]], [[121.33597578263183, -12.030637062178664], [97.08743557129226, 82.31098846054351], [32.309442848974385, 3.649488778288589], [147.69055715102562, -176.3505112217114], [82.91256442870774, -97.6890115394565], [58.66402421736817, 167.96936293782133]], [[125.23626141356104, -34.75515540789673], [122.27158401161957, 81.7359452289853], [51.82264024376032, 21.506088068522896], [128.17735975623967, -158.4939119314771], [57.72841598838043, -98.26405477101471], [54.76373858643897, 145.24484459210328]]]","[[['east', 'south', 'down', 'up', 'north', 'west']], [['east', 'west', 'north', 'south', 'east', 'west']], [['east', 'west', 'north', 'south', 'east', 'west']], [['down', 'north', 'east', 'west', 'south', 'up']], [['east', 'east', 'south', 'north', 'west', 'west']], [['down', 'east', 'south', 'north', 'west', 'up']], [['east', 'north', 'up', 'down', 'south', 'west']], [['east', 'north', 'up', 'down', 'south', 'west']], [['east', 'north', 'up', 'down', 'south', 'west']], [['east', 'north', 'east', 'west', 'south', 'west']]]","[[['front', 'left', 'down', 'up', 'right', 'rear']], [['front', 'rear', 'right', 'left', 'front', 'rear']], [['front', 'rear', 'right', 'left', 'front', 'rear']], [['down', 'right', 'front', 'rear', 'left', 'up']], [['front', 'front', 'left', 'right', 'rear', 'rear']], [['down', 'front', 'left', 'right', 'rear', 'up']], [['front', 'right', 'up', 'down', 'left', 'rear']], [['front', 'right', 'up', 'down', 'left', 'rear']], [['front', 'right', 'up', 'down', 'left', 'rear']], [['front', 'right', 'front', 'rear', 'left', 'rear']]]","[0.2, 4.0, 5.2, 8.6, 13.0, 13.8, 18.8, 22.4, 39.8, 52.0]",5.755555555555556,5.151722713188303,"['up', 'right', 'front', 'front', 'front', 'up', 'front', 'rear', 'front', 'rear']","state2     front      rear     right        up
state1                                        
front   0.222222  0.222222       NaN  0.111111
rear    0.111111       NaN       NaN       NaN
right   0.111111       NaN       NaN       NaN
up      0.111111       NaN  0.111111       NaN","[1, 0, 1, 0, 0, 1]",3,7,6
10,cf,27,female,1,2,odd,conf11,west,5,4,1,4,3,3,odd,even,odd,even,odd,odd,12,12,1,5908,409,2569,1005,798,608,519,1164,194,241,156,137,225,211,81.37741046831957,14.503546099290816,43.10402684563736,22.433035714285666,18.30275229357795,13.217391304347794,18.804347826087003,16.033057851239672,17.321428571428584,22.735849056603787,15.91836734693878,14.574468085106384,15.62500000000002,28.51351351351349,72.6,28.19999999999993,59.60000000000031,44.8000000000001,43.60000000000008,46.000000000000114,27.59999999999993,11.199999999999992,10.599999999999994,9.799999999999995,9.4,14.39999999999998,7.400000000000004,1166,15.519371318200694,15.809526991225274,"[6, 1, 4, 2, 4, 5, 3, 6, 2, 4, 5, 4, 5, 3]","[[[115.42761607300842, -22.75814168934528], [69.717937384559, -102.63897092246485], [146.507142147371, -158.68763881766577], [33.49285785262899, 21.31236118233422], [110.282062615441, 77.36102907753515], [64.57238392699158, 157.24185831065472]], [[88.17795965941298, -76.50750103714792], [59.949302901473466, -167.5620222242322], [149.8825326562046, -163.36388766506826], [30.117467343795393, 16.636112334931745], [120.05069709852656, 12.43797777576781], [91.82204034058702, 103.4924989628521]], [[108.0677809574053, -82.94344929623885], [39.44167182305139, -149.5796363300131], [123.67244305873, 174.50367648150475], [56.327556941270004, -5.496323518495244], [140.55832817694863, 30.420363669986905], [71.93221904259471, 97.05655070376116]], [[127.31831131239238, -46.398157131916726], [56.38914137637548, -105.95522763877912], [124.82072058098191, -168.418611187313], [55.17927941901807, 11.581388812687017], [123.61085862362451, 74.0447723612209], [52.68168868760761, 133.60184286808328]], [[123.31132494681289, -3.6919669543562277], [90.48746803581446, -94.01232094672993], [146.68415708114975, 175.24598826974858], [33.31584291885026, -4.754011730251426], [89.51253196418556, 85.98767905327009], [56.68867505318712, 176.30803304564375]], [[123.43882541575617, 11.392878704483445], [95.54458466425278, -82.2824866676234], [145.98202979986812, 179.44847250764028], [34.01797020013188, -0.5515274923597389], [84.45541533574722, 97.7175133323766], [56.561174584243844, -168.60712129551658]], [[128.0580854489647, 15.260142601442935], [95.96294149878474, -79.43052716167053], [141.3066506548711, -176.92360188137496], [38.69334934512892, 3.076398118625056], [84.03705850121527, 100.56947283832949], [51.941914551035325, -164.73985739855706]], [[114.12201975171766, -7.062951802422822], [76.59837960742765, -90.93838991061745], [151.9767395919535, -154.3441035014894], [28.0232604080465, 25.655896498510593], [103.40162039257235, 89.06161008938255], [65.87798024828234, 172.93704819757718]], [[122.10634254416388, 4.436810596220308], [92.43096732042302, -87.08960384140258], [147.77928676941946, 179.0479377099613], [32.22071323058056, -0.9520622900386996], [87.56903267957699, 92.91039615859742], [57.89365745583615, -175.5631894037797]], [[126.4054135209334, 5.494648792632001], [84.9538519312246, -80.77198173830598], [143.13172212716827, -164.01025211024893], [36.86827787283171, 15.989747889751085], [95.0461480687754, 99.22801826169403], [53.59458647906661, -174.50535120736802]], [[117.91267135957817, 17.878327649486156], [87.14109085283188, -70.60571321335605], [151.91539613651202, -155.2356781646628], [28.084603863488, 24.76432183533719], [92.85890914716812, 109.39428678664396], [62.08732864042184, -162.12167235051385]], [[115.14346271886595, 27.092763368624055], [95.40811304679633, -65.45399014473477], [154.20108709798654, -166.7480937753811], [25.798912902013445, 13.251906224618882], [84.59188695320367, 114.54600985526524], [64.85653728113404, -152.90723663137595]], [[115.63090873155683, 26.006827591292446], [97.52293817506654, -67.62587059266346], [153.1310834967794, -172.7347701001731], [26.868916503220586, 7.265229899826882], [82.47706182493346, 112.37412940733654], [64.36909126844317, -153.99317240870758]], [[111.31514826640736, 28.040633240181283], [109.13812671112422, -69.74144496882067], [150.69203317853732, 162.07429906076155], [29.307966821462685, -17.92570093923846], [70.86187328887578, 110.25855503117934], [68.68485173359265, -151.95936675981872]]]","[[['east', 'south', 'down', 'up', 'north', 'west']], [['south', 'west', 'down', 'up', 'east', 'north']], [['south', 'up', 'west', 'east', 'down', 'north']], [['south', 'south', 'west', 'east', 'north', 'north']], [['east', 'south', 'down', 'up', 'north', 'west']], [['east', 'south', 'down', 'up', 'north', 'west']], [['east', 'south', 'down', 'up', 'north', 'west']], [['east', 'south', 'down', 'up', 'north', 'west']], [['east', 'south', 'down', 'up', 'north', 'west']], [['east', 'south', 'down', 'up', 'north', 'west']], [['east', 'south', 'down', 'up', 'north', 'west']], [['east', 'south', 'down', 'up', 'north', 'west']], [['east', 'south', 'down', 'up', 'north', 'west']], [['east', 'south', 'down', 'up', 'north', 'west']]]","[[['front', 'left', 'down', 'up', 'right', 'rear']], [['left', 'rear', 'down', 'up', 'front', 'right']], [['left', 'up', 'rear', 'front', 'down', 'right']], [['left', 'left', 'rear', 'front', 'right', 'right']], [['front', 'left', 'down', 'up', 'right', 'rear']], [['front', 'left', 'down', 'up', 'right', 'rear']], [['front', 'left', 'down', 'up', 'right', 'rear']], [['front', 'left', 'down', 'up', 'right', 'rear']], [['front', 'left', 'down', 'up', 'right', 'rear']], [['front', 'left', 'down', 'up', 'right', 'rear']], [['front', 'left', 'down', 'up', 'right', 'rear']], [['front', 'left', 'down', 'up', 'right', 'rear']], [['front', 'left', 'down', 'up', 'right', 'rear']], [['front', 'left', 'down', 'up', 'right', 'rear']]]","[1.2, 10.0, 22.6, 23.4, 30.8, 33.6, 41.8, 47.4, 48.4, 51.8, 55.8, 60.6, 62.0, 65.6]",4.953846153846154,3.345862056243247,"['rear', 'left', 'front', 'left', 'up', 'right', 'down', 'rear', 'left', 'up', 'right', 'up', 'right', 'down']","state2      down     front      left      rear     right        up
state1                                                            
down         NaN       NaN       NaN  0.076923       NaN       NaN
front        NaN       NaN  0.076923       NaN       NaN       NaN
left         NaN  0.076923       NaN       NaN       NaN  0.153846
rear         NaN       NaN  0.153846       NaN       NaN       NaN
right   0.153846       NaN       NaN       NaN       NaN  0.076923
up           NaN       NaN       NaN       NaN  0.230769       NaN","[0, 1, 0, 3, 2, 1]",7,8,6
10,cf,27,female,1,3,odd,conf10,west,5,4,1,4,3,4,odd,even,odd,even,odd,even,9,9,1,4968,285,2451,640,457,817,318,880,105,197,200,108,168,102,93.73584905660375,20.070422535211293,46.59695817490476,18.390804597701173,14.647435897435937,21.165803108808287,17.865168539325875,16.60377358490566,14.189189189189182,20.52083333333334,22.727272727272727,17.999999999999993,15.272727272727282,18.214285714285708,53.0,14.199999999999982,52.60000000000021,34.799999999999955,31.19999999999992,38.60000000000001,17.79999999999997,7.400000000000004,9.599999999999998,8.8,6.000000000000003,10.999999999999991,5.600000000000002,842,15.256315951530372,15.256315951530372,"[2, 4, 5, 3, 6, 1, 5, 3, 2, 4]","[[[86.6593903423263, 11.403531160711458], [89.98705660303332, -78.59722435567284], [176.65936521051083, 11.181032358243955], [3.3406347894891772, -168.81896764175605], [90.01294339696669, 101.40277564432716], [93.34060965767371, -168.59646883928855]], [[123.26850508614045, 9.02346221515063], [75.82316982317381, -71.43665082667907], [143.07609117924991, -141.79411109633807], [36.92390882075008, 38.20588890366195], [104.1768301768262, 108.56334917332093], [56.731494913859564, -170.97653778484937]], [[118.68220974618808, 6.638437316869397], [102.81058602805047, -90.50766728076822], [148.0827864583235, 158.08039572029412], [31.9172135416765, -21.919604279705897], [77.18941397194953, 89.4923327192318], [61.31779025381192, -173.36156268313061]], [[124.60852308841852, 8.431474854190414], [127.73803487264142, -113.85016211727263], [123.38613100109933, 125.48224964131151], [56.61386899890068, -54.517750358688474], [52.26196512735858, 66.14983788272738], [55.391476911581485, -171.5685251458096]], [[129.33979336645243, 13.607692180125117], [122.21513733214715, -107.48768532264869], [124.07755008729029, 137.28240400806698], [55.92244991270971, -42.71759599193302], [57.784862667852856, 72.51231467735133], [50.660206633547574, -166.39230781987487]], [[127.53767233233573, -2.7604730087738045], [104.54533100664408, -104.26019969654088], [138.7752528499343, 148.51492778893555], [41.224747150065696, -31.485072211064445], [75.45466899335592, 75.73980030345912], [52.46232766766426, 177.2395269912262]], [[136.45862305257532, 3.8791030213344952], [121.20623898260257, -125.72106312833215], [116.99981317218322, 126.30086832382953], [63.00018682781678, -53.69913167617049], [58.79376101739742, 54.27893687166787], [43.5413769474247, -176.1208969786655]], [[141.85938055695448, 19.443234932224417], [111.02251782880924, -99.85924207737584], [120.1803676172098, 157.22604433535523], [59.819632382790225, -22.7739556646448], [68.97748217119076, 80.14075792262418], [38.14061944304552, -160.5567650677756]], [[150.22832390295136, 12.212147117159304], [100.25053401643608, -96.21660170739689], [117.6171943315275, 168.35455370641344], [62.38280566847252, -11.645446293586572], [79.74946598356392, 83.78339829260311], [29.77167609704866, -167.78785288284072]], [[147.05274151238922, 18.8790525046312], [102.49129536879131, -91.10891897721825], [119.93440391365367, 171.56214640317705], [60.06559608634634, -8.437853596822933], [77.50870463120869, 88.89108102278175], [32.94725848761077, -161.1209474953688]]]","[[['east', 'south', 'down', 'up', 'north', 'west']], [['east', 'south', 'down', 'up', 'north', 'west']], [['east', 'south', 'down', 'up', 'north', 'west']], [['east', 'south', 'north', 'south', 'north', 'west']], [['east', 'south', 'west', 'east', 'north', 'west']], [['east', 'south', 'down', 'up', 'north', 'west']], [['down', 'south', 'north', 'south', 'north', 'up']], [['down', 'south', 'west', 'east', 'north', 'up']], [['down', 'south', 'west', 'east', 'north', 'up']], [['down', 'south', 'west', 'east', 'north', 'up']]]","[[['front', 'left', 'down', 'up', 'right', 'rear']], [['front', 'left', 'down', 'up', 'right', 'rear']], [['front', 'left', 'down', 'up', 'right', 'rear']], [['front', 'left', 'right', 'left', 'right', 'rear']], [['front', 'left', 'rear', 'front', 'right', 'rear']], [['front', 'left', 'down', 'up', 'right', 'rear']], [['down', 'left', 'right', 'left', 'right', 'up']], [['down', 'left', 'rear', 'front', 'right', 'up']], [['down', 'left', 'rear', 'front', 'right', 'up']], [['down', 'left', 'rear', 'front', 'right', 'up']]]","[0.2, 4.4, 7.4, 14.2, 19.6, 27.2, 38.0, 44.0, 46.6, 50.0]",5.533333333333334,2.476556749467561,"['left', 'up', 'right', 'right', 'rear', 'front', 'right', 'rear', 'left', 'front']","state2     front      left      rear     right        up
state1                                                  
front        NaN       NaN       NaN  0.111111       NaN
left    0.111111       NaN       NaN       NaN  0.111111
rear    0.111111  0.111111       NaN       NaN       NaN
right        NaN       NaN  0.222222  0.111111       NaN
up           NaN       NaN       NaN  0.111111       NaN","[0, 1, 1, 0, 1, 0]",3,8,6
4,at2,33,female,0,16,even,conf3,west,4,4,2,2,5,5,even,even,even,even,odd,odd,12,12,1,2542,237,401,518,555,159,672,613,125,89,120,108,64,107,86.46258503401361,16.23287671232879,29.05797101449279,19.621212121212167,19.82142857142862,19.875,35.368421052631646,20.850340136054424,22.32142857142856,24.72222222222221,20.0,20.769230769230763,24.615384615384613,19.10714285714285,29.4,14.59999999999998,13.799999999999985,26.39999999999993,27.99999999999993,8.000000000000004,18.999999999999964,5.600000000000002,3.600000000000001,6.000000000000003,5.200000000000002,2.6,5.600000000000002,591,19.80258258666665,19.80258258666665,"[4, 6, 1, 3, 2, 5]","[[[89.81604991792751, 16.634095131674755], [91.9088448200634, -73.3597741665461], [178.08230575138668, 101.13171877308143], [1.9176942486133413, -78.86828122691858], [88.0911551799366, 106.6402258334539], [90.18395008207249, -163.36590486832526]], [[112.86475060034972, 15.660264624867382], [95.21487178353718, -76.54544103518103], [156.48143673631955, -178.65127610691783], [23.518563263680466, 1.348723893082186], [84.78512821646282, 103.45455896481897], [67.13524939965028, -164.33973537513265]], [[90.47544628786724, 6.309354734151292], [98.43030197771982, -83.76111165259043], [171.5561065558132, 99.51383479081336], [8.443893444186818, -80.48616520918665], [81.56969802228018, 96.23888834740958], [89.52455371213276, -173.6906452658487]], [[61.041118907212, 8.753406048099894], [78.29063156120611, -87.83245687015408], [148.33209783671253, -17.466080542114312], [31.667902163287465, 162.5339194578857], [101.70936843879389, 92.16754312984592], [118.958881092788, -171.2465939519001]], [[103.93407796234607, 55.74027649505463], [61.50853107757124, 138.0011498040979], [32.300660039452, -11.152361368859188], [147.699339960548, 168.84763863114082], [118.49146892242875, -41.998850195902094], [76.06592203765393, -124.25972350494537]], [[86.6896673996072, 46.61503718234829], [121.85360799738397, 134.5555184494347], [32.066311541945154, 141.91249036327523], [147.93368845805486, -38.08750963672478], [58.14639200261601, -45.44448155056532], [93.3103326003928, -133.3849628176517]]]","[[['east', 'south', 'down', 'up', 'north', 'west']], [['east', 'south', 'down', 'up', 'north', 'west']], [['east', 'south', 'down', 'up', 'north', 'west']], [['east', 'south', 'down', 'up', 'north', 'west']], [['north', 'west', 'up', 'down', 'east', 'south']], [['north', 'north', 'up', 'down', 'south', 'south']]]","[[['front', 'left', 'down', 'up', 'right', 'rear']], [['front', 'left', 'down', 'up', 'right', 'rear']], [['front', 'left', 'down', 'up', 'right', 'rear']], [['front', 'left', 'down', 'up', 'right', 'rear']], [['right', 'rear', 'up', 'down', 'front', 'left']], [['right', 'right', 'up', 'down', 'left', 'left']]]","[0.2, 4.8, 9.6, 15.2, 23.8, 26.2]",5.2,2.0039960079800565,"['up', 'rear', 'front', 'down', 'rear', 'left']","state2  down  front  left  rear
state1                         
down     NaN    NaN   NaN   0.2
front    0.2    NaN   NaN   NaN
rear     NaN    0.2   0.2   NaN
up       NaN    NaN   NaN   0.2","[0, 0, 0, 0, 0, 0]",0,5,21
4,at2,33,female,0,17,even,conf2,west,5,6,4,1,3,5,odd,even,even,odd,odd,odd,10,10,1,1972,211,236,160,190,642,533,473,97,92,83,59,107,35,68.95104895104895,22.93478260869565,17.10144927536234,19.047619047619044,16.10169491525425,49.38461538461544,46.75438596491232,16.538461538461537,20.208333333333325,20.0,27.666666666666664,18.4375,17.833333333333325,13.461538461538462,28.6,9.2,13.799999999999985,8.400000000000002,11.79999999999999,12.999999999999986,11.399999999999991,4.800000000000002,4.600000000000001,3.0000000000000004,3.2000000000000006,6.000000000000003,2.6,479,15.678848538366218,16.112857399192038,"[4, 6, 1, 3, 2, 5]","[[[82.83369265369501, 11.491249256513765], [95.1407122456595, -77.86064493768176], [171.16475336912524, 47.50386244243075], [8.835246630874767, -132.49613755756928], [84.8592877543405, 102.13935506231824], [97.166307346305, -168.50875074348625]], [[87.23025528328728, 10.290941946509143], [90.18281979919782, -79.70021341076898], [177.22421884831573, 14.07321528537824], [2.7757811516842987, -165.92678471462176], [89.8171802008022, 100.29978658923102], [92.76974471671274, -169.70905805349088]], [[82.29052341630141, 5.384629155305182], [90.37667147072543, -84.5643786815349], [172.28121526795732, 8.215812158834096], [7.718784732042689, -171.78418784116593], [89.62332852927457, 95.4356213184651], [97.70947658369859, -174.61537084469484]], [[41.75566931332555, 133.95438383073758], [73.42847733608525, -116.57431412074128], [53.00181880193116, -13.617201477860943], [126.99818119806886, 166.38279852213907], [106.57152266391476, 63.42568587925873], [138.24433068667446, -46.045616169262416]], [[69.74973415499474, 99.59736060923186], [22.660095232656413, -108.31419653894388], [80.25882206381189, 5.966137241831629], [99.74117793618812, -174.03386275816837], [157.3399047673436, 71.68580346105614], [110.25026584500527, -80.40263939076816]], [[98.7529872320993, 99.4243335941585], [51.72915406698973, 16.401253713311732], [140.3720636780935, -1.291071142751875], [39.62793632190651, 178.7089288572481], [128.2708459330103, -163.59874628668828], [81.24701276790071, -80.5756664058415]]]","[[['east', 'south', 'down', 'up', 'north', 'west']], [['east', 'south', 'down', 'up', 'north', 'west']], [['east', 'south', 'down', 'up', 'north', 'west']], [['up', 'south', 'east', 'west', 'north', 'down']], [['north', 'up', 'east', 'west', 'down', 'south']], [['north', 'east', 'down', 'up', 'west', 'south']]]","[[['front', 'left', 'down', 'up', 'right', 'rear']], [['front', 'left', 'down', 'up', 'right', 'rear']], [['front', 'left', 'down', 'up', 'right', 'rear']], [['up', 'left', 'front', 'rear', 'right', 'down']], [['right', 'up', 'front', 'rear', 'down', 'left']], [['right', 'front', 'down', 'up', 'rear', 'left']]]","[1.0, 4.0, 6.6, 13.0, 15.8, 21.0]",4.0,1.5231546211727816,"['up', 'rear', 'front', 'front', 'up', 'rear']","state2  front  rear   up
state1                  
front     0.2   NaN  0.2
rear      0.2   NaN  NaN
up        NaN   0.4  NaN","[0, 0, 0, 0, 0, 0]",0,4,21
4,at2,33,female,0,18,even,conf1,west,4,6,2,1,3,5,even,even,even,odd,odd,odd,12,12,1,2115,172,216,432,220,451,624,572,109,46,127,45,115,130,70.5,21.49999999999999,22.500000000000004,16.00000000000004,15.714285714285737,43.36538461538464,38.04878048780494,19.066666666666663,21.8,14.374999999999996,28.86363636363636,20.454545454545457,23.0,23.214285714285705,30.0,8.000000000000004,9.599999999999998,26.999999999999936,13.999999999999982,10.399999999999997,16.399999999999974,5.000000000000002,3.2000000000000006,4.400000000000001,2.2,5.000000000000002,5.600000000000002,579,18.040451622882724,18.523159364997973,"[4, 6, 3, 1, 2, 5]","[[[89.41460081137532, 17.524331462416328], [90.38686608289457, -72.47171567376463], [179.2983106153155, 50.98563080421482], [0.7016893846845141, -129.01436919578518], [89.61313391710543, 107.52828432623537], [90.58539918862468, -162.4756685375837]], [[121.28980776803323, 11.159550264835698], [99.97609040374255, -84.97732729822553], [146.8045123128126, 169.42714750283022], [33.19548768718741, -10.572852497169782], [80.02390959625747, 95.02267270177448], [58.71019223196678, -168.8404497351643]], [[132.95782503148027, 11.771167233144007], [101.87524165058976, -89.52039630702654], [134.61418942430274, 168.50554778206956], [45.38581057569728, -11.494452217930442], [78.12475834941026, 90.47960369297347], [47.04217496851973, -168.228832766856]], [[114.55054391725758, 19.916145934858957], [93.27364501205177, -71.58102881969043], [155.20318435621775, -168.69284849785157], [24.796815643782256, 11.307151502148441], [86.72635498794824, 108.41897118030957], [65.44945608274242, -160.08385406514105]], [[73.69740269424611, 61.35942280581433], [60.51564070798373, -38.15907401209324], [145.4859341595841, -3.469512165072794], [34.51406584041589, 176.53048783492721], [119.48435929201628, 141.84092598790676], [106.3025973057539, -118.64057719418568]], [[90.29328468018575, 96.9257080677578], [71.25030818886137, 7.025263961793897], [161.24784222372216, 6.061785867091138], [18.752157776277834, -173.93821413290888], [108.74969181113865, -172.9747360382061], [89.70671531981426, -83.0742919322422]]]","[[['east', 'south', 'down', 'up', 'north', 'west']], [['east', 'south', 'down', 'up', 'north', 'west']], [['east', 'south', 'west', 'east', 'north', 'west']], [['east', 'south', 'down', 'up', 'north', 'west']], [['north', 'east', 'down', 'up', 'west', 'south']], [['north', 'east', 'down', 'up', 'west', 'south']]]","[[['front', 'left', 'down', 'up', 'right', 'rear']], [['front', 'left', 'down', 'up', 'right', 'rear']], [['front', 'left', 'rear', 'front', 'right', 'rear']], [['front', 'left', 'down', 'up', 'right', 'rear']], [['right', 'front', 'down', 'up', 'rear', 'left']], [['right', 'front', 'down', 'up', 'rear', 'left']]]","[0.8, 3.2, 10.0, 14.8, 20.0, 25.4]",4.92,1.42884568795934,"['up', 'rear', 'rear', 'front', 'front', 'rear']","state2  front  rear
state1             
front     0.2   0.2
rear      0.2   0.2
up        NaN   0.2","[0, 0, 0, 0, 0, 0]",0,5,21
15,mm,26,male,0,1,even,conf1,west,4,6,2,1,3,5,even,even,even,odd,odd,odd,12,12,1,2309,777,102,121,131,94,1084,619,139,86,58,74,87,175,74.48387096774194,25.22727272727279,19.61538461538461,13.152173913043478,18.714285714285705,26.111111111111104,35.194805194805284,19.967741935483872,23.166666666666657,20.47619047619047,15.263157894736835,23.125,27.1875,23.02631578947367,31.0,30.799999999999923,5.200000000000002,9.2,7.000000000000004,3.600000000000001,30.799999999999923,6.000000000000003,4.200000000000001,3.800000000000001,3.2000000000000006,3.2000000000000006,7.600000000000004,471,13.891698864481164,14.067981195048176,"[4, 6, 1, 3, 5, 2, 1, 6]","[[[52.824908661115046, -12.292404820978986], [85.1141786619977, -106.00921173510714], [142.3941755216409, -22.380789886234073], [37.60582447835909, 157.61921011376594], [94.8858213380023, 73.99078826489287], [127.17509133888495, 167.707595179021]], [[59.009911634466484, -19.394373083521277], [84.63675391536576, -112.62682989118427], [148.4457968439003, -31.42037483148621], [31.554203156099696, 148.5796251685138], [95.36324608463424, 67.37317010881573], [120.99008836553351, 160.60562691647874]], [[61.52833609933179, -8.184788957881675], [81.06419249030273, -103.07643285913068], [149.9079537376845, -28.820061895483587], [30.092046262315495, 151.17993810451642], [98.93580750969728, 76.92356714086934], [118.47166390066822, 171.81521104211834]], [[64.69941472984343, -14.226793787404342], [85.05564695214122, -106.57051317240924], [154.1528800096144, -26.857559388686568], [25.847119990385618, 153.14244061131345], [94.94435304785878, 73.42948682759078], [115.30058527015657, 165.77320621259565]], [[66.06639605533276, -6.377502263595816], [90.21168547133509, -96.28354713281291], [156.0653414615173, -5.806623101006168], [23.934658538482704, 174.19337689899382], [89.78831452866491, 83.7164528671871], [113.93360394466724, 173.6224977364042]], [[68.9017939280362, -1.3525400240472227], [83.14559608261146, -94.01083060541812], [157.71360243954516, -21.065894730198853], [22.28639756045486, 158.93410526980114], [96.85440391738855, 85.98916939458188], [111.09820607196382, 178.64745997595278]], [[65.65014775293388, 5.249153269837863], [114.606413886026, -72.78891150124952], [144.1278006608873, 56.50577190488687], [35.872199339112704, -123.49422809511314], [65.39358611397401, 107.2110884987505], [114.34985224706614, -174.75084673016212]], [[71.77942884397497, 1.6492722528937445], [118.80859360466525, -77.92078258005755], [144.9396850785685, 63.67547649073044], [35.060314921431505, -116.32452350926957], [61.19140639533475, 102.07921741994245], [108.22057115602504, -178.35072774710628]]]","[[['east', 'south', 'down', 'up', 'north', 'west']], [['east', 'south', 'down', 'up', 'north', 'west']], [['east', 'south', 'down', 'up', 'north', 'west']], [['east', 'south', 'down', 'up', 'north', 'west']], [['east', 'south', 'down', 'up', 'north', 'west']], [['east', 'south', 'down', 'up', 'north', 'west']], [['east', 'south', 'down', 'up', 'north', 'west']], [['east', 'south', 'down', 'up', 'north', 'west']]]","[[['front', 'left', 'down', 'up', 'right', 'rear']], [['front', 'left', 'down', 'up', 'right', 'rear']], [['front', 'left', 'down', 'up', 'right', 'rear']], [['front', 'left', 'down', 'up', 'right', 'rear']], [['front', 'left', 'down', 'up', 'right', 'rear']], [['front', 'left', 'down', 'up', 'right', 'rear']], [['front', 'left', 'down', 'up', 'right', 'rear']], [['front', 'left', 'down', 'up', 'right', 'rear']]]","[0.6, 4.0, 9.2, 12.0, 16.2, 20.0, 25.4, 28.4]",3.971428571428571,0.9467452300446216,"['up', 'rear', 'front', 'down', 'right', 'left', 'front', 'rear']","state2      down     front      left      rear     right
state1                                                  
down         NaN       NaN       NaN       NaN  0.142857
front   0.142857       NaN       NaN  0.142857       NaN
left         NaN  0.142857       NaN       NaN       NaN
rear         NaN  0.142857       NaN       NaN       NaN
right        NaN       NaN  0.142857       NaN       NaN
up           NaN       NaN       NaN  0.142857       NaN","[1, 0, 0, 0, 0, 0]",1,7,19
15,mm,26,male,0,2,even,conf2,west,5,6,4,1,3,5,odd,even,even,odd,odd,odd,10,10,1,2480,352,169,662,734,125,438,659,84,114,100,131,104,126,62.311557788944725,20.70588235294121,14.824561403508785,19.585798816568083,21.588235294117684,24.03846153846153,26.071428571428616,16.55778894472362,17.499999999999993,14.249999999999991,14.285714285714278,20.46874999999999,23.63636363636363,21.72413793103448,39.8,16.99999999999997,11.399999999999991,33.79999999999994,33.99999999999994,5.200000000000002,16.799999999999972,4.800000000000002,8.000000000000004,7.000000000000004,6.400000000000003,4.400000000000001,5.8000000000000025,728,16.0873585007266,16.65170997579641,"[2, 1, 4, 6, 4, 6, 3, 4, 3, 5, 2, 4]","[[[88.04702694790184, 20.242137879817243], [91.30960852455064, -69.71319797406898], [177.6482968499952, 54.11198615959251], [2.3517031500048056, -125.8880138404075], [88.69039147544936, 110.28680202593102], [91.95297305209816, -159.75786212018275]], [[56.401363480776936, 30.52313377308395], [79.6231782927121, -66.4645416080007], [144.4123009034577, 8.709126217990589], [35.58769909654231, -171.2908737820094], [100.3768217072879, 113.5354583919993], [123.59863651922305, -149.47686622691606]], [[120.58036041876652, 26.8983246519598], [104.56853352353026, -71.93616807066849], [145.42160059996695, 175.91325458777828], [34.57839940003306, -4.0867454122217275], [75.43146647646975, 108.06383192933151], [59.41963958123347, -153.1016753480402]], [[131.14187480617352, 32.14409712561175], [104.47624212731951, -70.89130825804173], [135.26610569182264, -175.99606141049935], [44.73389430817736, 4.003938589500647], [75.5237578726805, 109.10869174195828], [48.8581251938265, -147.85590287438828]], [[149.17412122454311, 91.21734921159378], [120.78440121795832, -92.06891997717548], [88.55392887309314, 178.7927933687051], [91.44607112690686, -1.2072066312948846], [59.21559878204169, 87.93108002282452], [30.825878775456886, -88.78265078840622]], [[151.28939919769377, 139.6376895382353], [108.2946013766014, -93.23318127359637], [68.6759754862018, -175.81786511763838], [111.32402451379821, 4.182134882361641], [71.70539862339861, 86.76681872640364], [28.710600802306242, -40.362310461764714]], [[126.88364664499207, 162.23178674769704], [98.31255988181186, -101.47388759679963], [38.123508459590624, 179.25611934631533], [141.8764915404094, -0.7438806536846779], [81.68744011818815, 78.52611240320039], [53.11635335500793, -17.76821325230298]], [[108.62068352889794, 159.15016053463924], [95.19170644115799, -109.09547304126527], [19.3826695187079, 175.8715835755881], [160.6173304812921, -4.128416424411916], [84.80829355884201, 70.90452695873473], [71.37931647110206, -20.849839465360777]], [[53.90353476031962, 166.21606658488983], [77.09632258429053, -94.16819518934878], [39.053762282563184, 12.233537034188405], [140.94623771743682, -167.76646296581163], [102.90367741570947, 85.83180481065124], [126.09646523968038, -13.783933415110164]], [[41.33987129398669, 171.7759167885229], [77.03264680126864, -83.05068426000466], [51.593273495589976, 17.46777357083788], [128.40672650441002, -162.53222642916214], [102.96735319873137, 96.94931573999534], [138.66012870601332, -8.224083211477097]], [[41.97298586199203, 177.52411537417512], [76.65550718948185, -77.18625878882521], [51.12004000539147, 23.840501712203146], [128.87995999460856, -156.15949828779688], [103.34449281051815, 102.8137412111748], [138.02701413800798, -2.475884625824887]], [[49.56881870412182, 159.91347232348718], [68.62092923530244, -90.60284740378765], [48.07026124943744, 19.983391701036265], [131.92973875056256, -160.01660829896375], [111.37907076469756, 89.39715259621235], [130.4311812958782, -20.086527676512834]]]","[[['east', 'south', 'down', 'up', 'north', 'west']], [['east', 'south', 'down', 'up', 'north', 'west']], [['east', 'south', 'down', 'up', 'north', 'west']], [['east', 'south', 'down', 'up', 'north', 'west']], [['down', 'south', 'west', 'east', 'north', 'up']], [['down', 'south', 'west', 'east', 'north', 'up']], [['west', 'south', 'up', 'down', 'north', 'east']], [['west', 'south', 'up', 'down', 'north', 'east']], [['west', 'south', 'up', 'down', 'north', 'east']], [['up', 'south', 'east', 'west', 'north', 'down']], [['up', 'south', 'east', 'west', 'north', 'down']], [['west', 'south', 'east', 'west', 'north', 'east']]]","[[['front', 'left', 'down', 'up', 'right', 'rear']], [['front', 'left', 'down', 'up', 'right', 'rear']], [['front', 'left', 'down', 'up', 'right', 'rear']], [['front', 'left', 'down', 'up', 'right', 'rear']], [['down', 'left', 'rear', 'front', 'right', 'up']], [['down', 'left', 'rear', 'front', 'right', 'up']], [['rear', 'left', 'up', 'down', 'right', 'front']], [['rear', 'left', 'up', 'down', 'right', 'front']], [['rear', 'left', 'up', 'down', 'right', 'front']], [['up', 'left', 'front', 'rear', 'right', 'down']], [['up', 'left', 'front', 'rear', 'right', 'down']], [['rear', 'left', 'front', 'rear', 'right', 'front']]]","[0.2, 2.2, 6.6, 9.2, 10.8, 12.2, 15.8, 18.0, 19.6, 22.2, 27.6, 38.0]",3.436363636363636,2.5079048580158503,"['left', 'front', 'up', 'rear', 'front', 'up', 'up', 'down', 'up', 'right', 'left', 'rear']","state2      down     front      left      rear     right        up
state1                                                            
down         NaN       NaN       NaN       NaN       NaN  0.090909
front        NaN       NaN       NaN       NaN       NaN  0.181818
left         NaN  0.090909       NaN  0.090909       NaN       NaN
rear         NaN  0.090909       NaN       NaN       NaN       NaN
right        NaN       NaN  0.090909       NaN       NaN       NaN
up      0.090909       NaN       NaN  0.090909  0.090909  0.090909","[0, 1, 1, 2, 0, 1]",5,10,19
15,mm,26,male,0,3,even,conf3,west,4,4,2,2,5,5,even,even,even,even,odd,odd,12,8,0,2727,657,124,580,664,116,586,700,171,112,130,84,83,120,65.86956521739131,20.27777777777783,21.379310344827577,20.00000000000005,20.880503144654146,14.871794871794863,23.821138211382166,16.908212560386474,19.88372093023256,21.53846153846153,19.11764705882352,14.999999999999996,18.86363636363636,20.689655172413783,41.4,32.39999999999992,5.8000000000000025,28.99999999999993,31.79999999999992,7.800000000000004,24.599999999999945,8.600000000000001,5.200000000000002,6.800000000000003,5.600000000000002,4.400000000000001,5.8000000000000025,818,16.975249351102008,17.551225950171194,"[4, 3, 6, 1, 3, 1, 3, 1, 6, 1, 5, 2, 4, 2]","[[[88.72780415113196, 15.599754243538664], [90.9985677239005, -74.37806766185504], [178.3826108579695, 53.74068100929943], [1.617389142030514, -126.25931899070058], [89.00143227609948, 105.62193233814497], [91.27219584886804, -164.40024575646135]], [[127.54614875694294, 27.765245875869283], [99.29920238003842, -69.46479031174789], [140.91592015055562, -171.0952638581066], [39.08407984944441, 8.904736141893402], [80.70079761996158, 110.53520968825212], [52.45385124305705, -152.23475412413072]], [[135.4894291183103, 164.1116702660869], [95.37781340613846, -100.39330484690429], [45.99288804916698, 174.82379402935823], [134.00711195083304, -5.176205970641773], [84.62218659386156, 79.60669515309571], [44.5105708816897, -15.888329733913116]], [[139.6157537251667, 166.4361871403214], [95.35596760724685, -97.23580281109565], [50.12227374351941, 177.25662596468095], [129.8777262564806, -2.7433740353190608], [84.64403239275315, 82.76419718890435], [40.38424627483329, -13.563812859678594]], [[131.99758258477178, 167.10820799170213], [96.28703164152637, -97.19921472715227], [42.68767382566816, 179.66078502003316], [137.31232617433184, -0.33921497996683464], [83.71296835847365, 82.80078527284773], [48.00241741522821, -12.89179200829788]], [[134.90880924058993, 163.46499946985702], [101.29438037939455, -95.0516600747112], [47.1084184454742, -174.3593644986695], [132.8915815545258, 5.64063550133051], [78.70561962060545, 84.94833992528882], [45.09119075941007, -16.535000530143]], [[45.54433064346726, 166.18447078689158], [80.21585817329505, -94.07427110149995], [46.11059646298538, 5.4744418612403205], [133.88940353701463, -174.5255581387597], [99.78414182670497, 85.92572889850007], [134.45566935653272, -13.815529213108423]], [[46.378624476020754, 169.12146978428163], [79.35997240185434, -90.56479571815385], [45.57522753604379, 10.04580535966696], [134.4247724639562, -169.95419464033304], [100.64002759814568, 89.43520428184617], [133.62137552397925, -10.878530215718374]], [[29.48378234421774, 161.57603415093234], [80.17646151784847, -90.59062523953922], [62.50578100646592, 4.5796320768634065], [117.49421899353409, -175.42036792313658], [99.82353848215155, 89.40937476046079], [150.51621765578227, -18.423965849067656]], [[40.05255293419159, 37.14983037330175], [74.71754729079, -71.8174841266793], [125.94664780573811, 6.754775536978101], [54.05335219426189, -173.2452244630219], [105.28245270921, 108.18251587332071], [139.9474470658084, -142.85016962669826]], [[29.110073300370654, 50.950172688468], [84.10182105759132, -49.74190578902825], [118.3926963883299, 37.05695742322334], [61.60730361167011, -142.9430425767767], [95.89817894240868, 130.25809421097176], [150.88992669962934, -129.04982731153203]], [[43.23308035922226, 23.00696432020617], [73.7249390251455, -85.08442618454426], [128.6831581463381, -8.602590351840094], [51.31684185366192, 171.3974096481599], [106.27506097485451, 94.91557381545576], [136.76691964077776, -156.99303567979385]], [[22.95128090462137, 85.80112360162994], [68.32005319944844, -74.04507284420514], [97.17206053101619, 13.087542356346605], [82.82793946898383, -166.9124576436534], [111.67994680055156, 105.95492715579486], [157.04871909537863, -94.19887639837007]], [[25.97923381387523, 152.64473299444802], [76.89574821027584, -88.81864314563765], [67.9876261648275, 6.581450405505877], [112.01237383517251, -173.41854959449412], [103.10425178972416, 91.18135685436235], [154.02076618612477, -27.355267005552]]]","[[['east', 'south', 'down', 'up', 'north', 'west']], [['east', 'south', 'down', 'up', 'north', 'west']], [['down', 'south', 'west', 'east', 'north', 'up']], [['down', 'south', 'west', 'east', 'north', 'up']], [['west', 'south', 'up', 'down', 'north', 'east']], [['west', 'south', 'west', 'east', 'north', 'east']], [['west', 'south', 'east', 'west', 'north', 'east']], [['west', 'south', 'east', 'west', 'north', 'east']], [['up', 'south', 'east', 'west', 'north', 'down']], [['up', 'south', 'east', 'west', 'north', 'down']], [['up', 'south', 'east', 'west', 'north', 'down']], [['up', 'south', 'east', 'west', 'north', 'down']], [['up', 'south', 'east', 'west', 'north', 'down']], [['up', 'south', 'east', 'west', 'north', 'down']]]","[[['front', 'left', 'down', 'up', 'right', 'rear']], [['front', 'left', 'down', 'up', 'right', 'rear']], [['down', 'left', 'rear', 'front', 'right', 'up']], [['down', 'left', 'rear', 'front', 'right', 'up']], [['rear', 'left', 'up', 'down', 'right', 'front']], [['rear', 'left', 'rear', 'front', 'right', 'front']], [['rear', 'left', 'front', 'rear', 'right', 'front']], [['rear', 'left', 'front', 'rear', 'right', 'front']], [['up', 'left', 'front', 'rear', 'right', 'down']], [['up', 'left', 'front', 'rear', 'right', 'down']], [['up', 'left', 'front', 'rear', 'right', 'down']], [['up', 'left', 'front', 'rear', 'right', 'down']], [['up', 'left', 'front', 'rear', 'right', 'down']], [['up', 'left', 'front', 'rear', 'right', 'down']]]","[0.2, 4.4, 7.0, 11.2, 13.0, 14.0, 15.2, 18.8, 21.0, 22.4, 25.8, 31.6, 36.2, 39.2]",3.0,1.409855420847226,"['up', 'down', 'up', 'down', 'up', 'rear', 'front', 'rear', 'down', 'up', 'right', 'left', 'rear', 'left']","state2      down     front      left      rear     right        up
state1                                                            
down         NaN       NaN       NaN       NaN       NaN  0.230769
front        NaN       NaN       NaN  0.076923       NaN       NaN
left         NaN       NaN       NaN  0.076923       NaN       NaN
rear    0.076923  0.076923  0.076923       NaN       NaN       NaN
right        NaN       NaN  0.076923       NaN       NaN       NaN
up      0.153846       NaN       NaN  0.076923  0.076923       NaN","[3, 0, 2, 1, 0, 1]",7,10,19
16,fv,28,male,0,16,odd,conf10,west,5,4,1,4,3,4,odd,even,odd,even,odd,even,9,9,1,3076,321,327,728,850,336,514,582,42,78,138,94,148,82,94.3558282208589,31.47058823529413,15.873786407767025,37.14285714285722,29.929577464788807,23.01369863013701,24.018691588785096,17.85276073619632,16.153846153846153,17.727272727272723,24.64285714285713,15.66666666666666,21.14285714285713,15.769230769230765,32.6,10.199999999999996,20.59999999999996,19.59999999999996,28.39999999999993,14.59999999999998,21.39999999999996,2.6,4.400000000000001,5.600000000000002,6.000000000000003,7.000000000000004,5.200000000000002,614,16.154187513181252,17.177398556693014,"[2, 5, 4, 5, 3, 1, 6, 3]","[[[88.06000227541992, 17.922601743953763], [88.8408505491193, -72.1166666666592], [177.7398570163939, -12.95847070042116], [2.2601429836060913, 167.04152929957885], [91.1591494508807, 107.8833333333408], [91.9399977245801, -162.07739825604625]], [[88.14086378658439, 17.998295679745688], [88.95804773877383, -72.03552923890402], [177.8686120686971, -11.289996812587548], [2.131387931302908, 168.71000318741247], [91.04195226122617, 107.96447076109598], [91.85913621341562, -162.00170432025433]], [[106.85169614677801, 27.92252042957275], [99.05435797256047, -64.84420365642279], [160.73995029865245, 178.0218880447606], [19.260049701347572, -1.9781119552393833], [80.94564202743953, 115.15579634357721], [73.148303853222, -152.07747957042724]], [[106.44455099242121, 29.87943688946152], [98.49724934072812, -62.64799122227336], [161.37755524406157, -178.96672048155042], [18.62244475593843, 1.0332795184495869], [81.50275065927188, 117.35200877772664], [73.5554490075788, -150.12056311053848]], [[119.4171522034103, 166.15228902994366], [112.72375030012533, -90.18860028568179], [38.67257788071133, -148.637678875457], [141.32742211928868, 31.36232112454301], [67.27624969987467, 89.81139971431823], [60.5828477965897, -13.847710970056344]], [[23.260652259499466, 36.72335641944408], [82.05681312676226, -72.21786724990096], [111.71235122762879, 14.597110400444782], [68.28764877237121, -165.40288959955524], [97.94318687323774, 107.78213275009905], [156.73934774050053, -143.27664358055594]], [[21.61421644749019, 24.735898997725574], [85.02158394425177, -77.96450203745782], [110.97662587561581, 10.12161904974704], [69.0233741243842, -169.87838095025296], [94.97841605574821, 102.0354979625422], [158.38578355250982, -155.26410100227446]], [[110.75830960913756, 33.02654105360065], [96.55605891252134, -59.47010716304211], [158.13857251935616, -166.11544266625467], [21.861427480643833, 13.884557333745338], [83.44394108747868, 120.52989283695788], [69.24169039086246, -146.97345894639935]]]","[[['east', 'south', 'down', 'up', 'north', 'west']], [['east', 'south', 'down', 'up', 'north', 'west']], [['east', 'south', 'down', 'up', 'north', 'west']], [['east', 'south', 'down', 'up', 'north', 'west']], [['west', 'south', 'up', 'down', 'north', 'east']], [['up', 'south', 'east', 'west', 'north', 'down']], [['up', 'south', 'east', 'west', 'north', 'down']], [['east', 'south', 'down', 'up', 'north', 'west']]]","[[['front', 'left', 'down', 'up', 'right', 'rear']], [['front', 'left', 'down', 'up', 'right', 'rear']], [['front', 'left', 'down', 'up', 'right', 'rear']], [['front', 'left', 'down', 'up', 'right', 'rear']], [['rear', 'left', 'up', 'down', 'right', 'front']], [['up', 'left', 'front', 'rear', 'right', 'down']], [['up', 'left', 'front', 'rear', 'right', 'down']], [['front', 'left', 'down', 'up', 'right', 'rear']]]","[3.2, 4.6, 9.4, 14.0, 21.4, 24.6, 26.0, 29.4]",3.742857142857143,1.9499869178001776,"['left', 'right', 'up', 'right', 'up', 'up', 'down', 'down']","state2      down     right        up
state1                              
down    0.142857       NaN       NaN
left         NaN  0.142857       NaN
right        NaN       NaN  0.285714
up      0.142857  0.142857  0.142857","[0, 0, 0, 0, 1, 0]",1,6,20
16,fv,28,male,0,17,odd,conf11,west,5,4,1,4,3,3,odd,even,odd,even,odd,odd,12,9,0,2670,464,202,550,760,254,440,538,70,77,78,132,105,76,80.42168674698794,35.69230769230773,17.118644067796623,25.000000000000053,27.941176470588303,13.655913978494649,24.17582417582421,16.20481927710843,18.42105263157894,19.25,18.57142857142857,16.499999999999993,19.44444444444444,18.09523809523809,33.2,12.999999999999986,11.79999999999999,21.99999999999996,27.19999999999993,18.59999999999997,18.199999999999967,3.800000000000001,4.000000000000001,4.200000000000001,8.000000000000004,5.400000000000002,4.200000000000001,635,16.568142644225617,17.948924654172597,"[5, 2, 5, 4, 6, 3, 1, 4]","[[[67.87122342831991, -0.6780202095989674], [90.23098406884364, -90.58409158789159], [157.86988915469863, -0.016090541616093072], [22.13011084530139, 179.98390945838392], [89.76901593115637, 89.41590841210841], [112.1287765716801, 179.32197979040106]], [[100.01425420306006, 21.339350034935116], [97.03391052698613, -69.90909905882636], [167.7203104521976, 165.55922354098755], [12.27968954780241, -14.440776459012444], [82.96608947301387, 110.09090094117366], [79.98574579693995, -158.6606499650649]], [[98.86956636485313, 27.823656810077694], [105.54372027003294, -64.66406076943697], [161.99107794381584, 146.51058146696326], [18.008922056184165, -33.489418533036726], [74.45627972996706, 115.33593923056304], [81.13043363514689, -152.1763431899223]], [[112.20098961478237, 31.210437076361693], [101.33170380416449, -63.48066940176134], [154.79289496231394, -178.67719739063958], [25.20710503768609, 1.322802609360428], [78.66829619583552, 116.51933059823867], [67.79901038521763, -148.78956292363833]], [[171.25649060544302, 165.39877685067344], [95.5866949970706, -65.10683574276256], [83.29554126902349, -154.44800542389214], [96.70445873097651, 25.55199457610785], [84.41330500292942, 114.89316425723746], [8.743509394556963, -14.601223149326584]], [[130.5744399681642, -173.68505483631543], [103.9033834324922, -71.44699908152795], [43.89984049414536, -146.54116978939697], [136.10015950585466, 33.45883021060304], [76.0966165675078, 108.55300091847205], [49.42556003183582, 6.314945163684578]], [[21.676191245644162, 22.546327208096162], [91.98100534019711, -62.461296784576895], [111.57627194245698, 28.322426617862643], [68.42372805754303, -151.67757338213735], [88.0189946598029, 117.53870321542311], [158.32380875435584, -157.45367279190384]], [[88.18442513708409, 24.288797036636332], [104.7479628047853, -65.23310544254001], [165.13564590517478, 107.42957813708564], [14.864354094825229, -72.57042186291436], [75.2520371952147, 114.76689455745999], [91.81557486291591, -155.7112029633637]]]","[[['east', 'south', 'down', 'up', 'north', 'west']], [['east', 'south', 'down', 'up', 'north', 'west']], [['east', 'south', 'down', 'up', 'north', 'west']], [['east', 'south', 'down', 'up', 'north', 'west']], [['down', 'south', 'west', 'east', 'north', 'up']], [['west', 'south', 'up', 'down', 'north', 'east']], [['up', 'south', 'east', 'west', 'north', 'down']], [['east', 'south', 'down', 'up', 'north', 'west']]]","[[['front', 'left', 'down', 'up', 'right', 'rear']], [['front', 'left', 'down', 'up', 'right', 'rear']], [['front', 'left', 'down', 'up', 'right', 'rear']], [['front', 'left', 'down', 'up', 'right', 'rear']], [['down', 'left', 'rear', 'front', 'right', 'up']], [['rear', 'left', 'up', 'down', 'right', 'front']], [['up', 'left', 'front', 'rear', 'right', 'down']], [['front', 'left', 'down', 'up', 'right', 'rear']]]","[0.2, 2.2, 6.0, 9.4, 14.6, 17.2, 22.4, 29.4]",4.171428571428572,1.6050939320215016,"['right', 'left', 'right', 'up', 'up', 'up', 'up', 'up']","state2      left     right        up
state1                              
left         NaN  0.142857       NaN
right   0.142857       NaN  0.142857
up           NaN       NaN  0.571429","[0, 0, 0, 0, 1, 0]",1,4,20
16,fv,28,male,0,18,odd,conf12,west,5,4,2,4,2,5,odd,even,even,even,even,odd,10,10,1,2673,490,237,540,657,193,556,492,46,99,74,125,97,51,89.69798657718121,36.56716417910452,21.54545454545456,26.213592233009763,28.31896551724144,15.078125000000016,31.590909090909147,16.51006711409396,12.105263157894733,18.333333333333325,18.5,20.833333333333325,20.208333333333325,14.166666666666664,29.8,13.399999999999984,10.999999999999991,20.59999999999996,23.19999999999995,12.799999999999986,17.59999999999997,3.800000000000001,5.400000000000002,4.000000000000001,6.000000000000003,4.800000000000002,3.600000000000001,619,17.6664922610992,18.264320302383783,"[5, 2, 3, 4, 6, 3, 2, 1, 4, 2]","[[[94.71221723349682, 24.62051497268605], [97.7388808689195, -66.02131943032295], [170.92428915725628, 145.68658309521558], [9.075710842743728, -34.31341690478443], [82.26111913108052, 113.97868056967705], [85.28778276650318, -155.37948502731393]], [[99.00222563911791, 22.27778743360353], [91.62247440194865, -67.97932146247295], [170.8503369582687, -168.10821752720605], [9.149663041731282, 11.89178247279396], [88.37752559805135, 112.02067853752705], [80.99777436088209, -157.72221256639645]], [[110.66873089366796, 25.325693637395712], [95.29928553726823, -66.6795645232268], [158.60179266005332, -170.3716352473745], [21.398207339946673, 9.628364752625496], [84.70071446273177, 113.32043547677321], [69.33126910633206, -154.6743063626043]], [[108.65847318074815, 28.278485306338887], [97.85341980698195, -64.39110725068221], [159.6420633972751, -176.21318235804307], [20.3579366027249, 3.7868176419569375], [82.14658019301805, 115.6088927493178], [71.34152681925185, -151.72151469366113]], [[147.50768090650263, 154.46787619395897], [105.91045444220386, -88.94367806034734], [62.48547037976974, -170.4047109428354], [117.51452962023029, 9.595289057164596], [74.08954555779614, 91.05632193965268], [32.49231909349736, -25.532123806041042]], [[67.56284532411445, 177.14910755443458], [84.64002790020689, -90.63056916269134], [23.137239216026675, 12.053175554224516], [156.86276078397333, -167.9468244457755], [95.35997209979311, 89.36943083730867], [112.43715467588555, -2.850892445565427]], [[17.538499316273708, 144.537491313238], [77.96790823600195, -83.05340508102819], [77.43126803413647, 9.670360660347843], [102.56873196586353, -170.32963933965215], [102.03209176399805, 96.94659491897183], [162.4615006837263, -35.46250868676198]], [[32.6457115278257, 46.30715099475326], [73.38248440999756, -71.45793462165372], [117.21934779335301, 9.711804253394286], [62.780652206647, -170.28819574660574], [106.61751559000244, 108.54206537834628], [147.35428847217432, -133.69284900524676]], [[79.50363707500257, 18.267921101466], [83.24074632981264, -72.99033192620563], [167.4737647305581, -15.22987643263502], [12.526235269441926, 164.77012356736498], [96.75925367018738, 107.00966807379439], [100.49636292499743, -161.732078898534]], [[93.99950779957013, 21.668225297934022], [91.88319088360362, -68.46349153067615], [175.5780068996449, 176.3746747238353], [4.4219931003551105, -3.6253252761646944], [88.11680911639638, 111.53650846932385], [86.00049220042987, -158.33177470206599]]]","[[['east', 'south', 'down', 'up', 'north', 'west']], [['east', 'south', 'down', 'up', 'north', 'west']], [['east', 'south', 'down', 'up', 'north', 'west']], [['east', 'south', 'down', 'up', 'north', 'west']], [['down', 'south', 'west', 'east', 'north', 'up']], [['west', 'south', 'up', 'down', 'north', 'east']], [['up', 'south', 'east', 'west', 'north', 'down']], [['up', 'south', 'east', 'west', 'north', 'down']], [['east', 'south', 'down', 'up', 'north', 'west']], [['east', 'south', 'down', 'up', 'north', 'west']]]","[[['front', 'left', 'down', 'up', 'right', 'rear']], [['front', 'left', 'down', 'up', 'right', 'rear']], [['front', 'left', 'down', 'up', 'right', 'rear']], [['front', 'left', 'down', 'up', 'right', 'rear']], [['down', 'left', 'rear', 'front', 'right', 'up']], [['rear', 'left', 'up', 'down', 'right', 'front']], [['up', 'left', 'front', 'rear', 'right', 'down']], [['up', 'left', 'front', 'rear', 'right', 'down']], [['front', 'left', 'down', 'up', 'right', 'rear']], [['front', 'left', 'down', 'up', 'right', 'rear']]]","[3.4, 4.6, 7.8, 9.0, 14.4, 17.2, 20.0, 21.8, 25.2, 28.8]",2.822222222222222,1.2488018949535216,"['right', 'left', 'down', 'up', 'up', 'up', 'left', 'up', 'up', 'left']","state2      down      left        up
state1                              
down         NaN       NaN  0.111111
left    0.111111       NaN  0.111111
right        NaN  0.111111       NaN
up           NaN  0.222222  0.333333","[0, 1, 1, 1, 0, 0]",3,6,20
13,nd,30,male,0,1,even,conf1,west,4,6,2,1,3,5,even,even,even,odd,odd,odd,12,12,1,1973,357,207,444,321,240,404,567,124,75,84,76,104,104,46.75355450236967,16.227272727272762,13.80000000000002,12.982456140350898,15.141509433962296,14.634146341463438,13.931034482758657,13.43601895734597,18.23529411764705,11.363636363636358,11.999999999999996,14.61538461538461,16.249999999999993,18.57142857142856,42.2,21.99999999999996,14.99999999999998,34.199999999999946,21.19999999999996,16.399999999999974,28.99999999999993,6.800000000000003,6.600000000000003,7.000000000000004,5.200000000000002,6.400000000000003,5.600000000000002,910,19.29116579595371,19.84090976218777,"[1, 4, 1, 6, 3, 1, 2, 5]","[[[87.78393992047346, 34.91621926765983], [82.89513957308536, -55.360135403748565], [172.55414838434044, -37.86064361927053], [7.445851615659573, 142.13935638072948], [97.10486042691464, 124.63986459625144], [92.21606007952654, -145.0837807323402]], [[96.18580072912445, 17.311438025488506], [94.43419521288374, -73.17012535773198], [172.3789584568814, 161.41041378689013], [7.621041543118593, -18.589586213109865], [85.56580478711626, 106.82987464226804], [83.81419927087556, -162.68856197451152]], [[141.2113224565291, 47.008493717083645], [121.01265557869517, -91.40863053903325], [110.87575372324814, 165.33728819624952], [69.12424627675186, -14.66271180375048], [58.98734442130484, 88.59136946096676], [38.78867754347089, -132.99150628291636]], [[148.11420428327548, 117.83842326384855], [114.57850899143271, -104.83565693227793], [70.9977491496739, 174.22670479931782], [109.0022508503261, -5.7732952006821945], [65.42149100856729, 75.16434306772207], [31.885795716724534, -62.16157673615144]], [[83.8173782191134, 157.8163948039656], [95.59829184168068, -112.79200508318645], [8.355321937635045, -64.65840831034353], [171.64467806236496, 115.34159168965647], [84.40170815831934, 67.20799491681355], [96.18262178088662, -22.183605196034417]], [[30.28539499602916, 58.4062277208398], [67.1993204061817, -77.63233474841836], [108.8275998120062, 4.126882643387951], [71.1724001879938, -175.87311735661206], [112.80067959381832, 102.36766525158166], [149.71460500397086, -121.5937722791602]], [[44.249754600701685, 31.48792219114987], [69.8919091008635, -80.58731347201403], [127.38864051794297, -6.835333150136992], [52.61135948205704, 173.164666849863], [110.10809089913651, 99.41268652798598], [135.7502453992983, -148.51207780885014]], [[65.4539328271267, 77.30942022055369], [155.0722802570223, 88.00543784819205], [85.91963665015143, 169.17639957504596], [94.08036334984858, -10.823600424954051], [24.927719742977693, -91.99456215180797], [114.54606717287331, -102.69057977944632]]]","[[['east', 'south', 'down', 'up', 'north', 'west']], [['east', 'south', 'down', 'up', 'north', 'west']], [['down', 'south', 'west', 'east', 'north', 'up']], [['down', 'south', 'west', 'east', 'north', 'up']], [['west', 'south', 'up', 'down', 'north', 'east']], [['up', 'south', 'east', 'west', 'north', 'down']], [['up', 'south', 'east', 'west', 'north', 'down']], [['north', 'down', 'west', 'east', 'up', 'south']]]","[[['front', 'left', 'down', 'up', 'right', 'rear']], [['front', 'left', 'down', 'up', 'right', 'rear']], [['down', 'left', 'rear', 'front', 'right', 'up']], [['down', 'left', 'rear', 'front', 'right', 'up']], [['rear', 'left', 'up', 'down', 'right', 'front']], [['up', 'left', 'front', 'rear', 'right', 'down']], [['up', 'left', 'front', 'rear', 'right', 'down']], [['right', 'down', 'rear', 'front', 'up', 'left']]]","[1.2, 5.6, 9.4, 10.2, 17.2, 22.2, 24.2, 35.4]",4.885714285714286,3.180039789251777,"['front', 'up', 'down', 'up', 'up', 'up', 'left', 'up']","state2      down      left        up
state1                              
down         NaN       NaN  0.142857
front        NaN       NaN  0.142857
left         NaN       NaN  0.142857
up      0.142857  0.142857  0.285714","[2, 0, 0, 0, 0, 0]",2,6,19
13,nd,30,male,0,2,even,conf2,west,5,6,4,1,3,5,odd,even,even,odd,odd,odd,10,10,1,2134,346,228,335,371,177,677,667,89,124,100,114,53,187,49.627906976744185,13.007518796992512,16.285714285714306,13.188976377952786,12.28476821192056,11.64473684210528,18.497267759562853,15.511627906976743,13.08823529411764,18.23529411764705,14.705882352941169,16.285714285714278,13.947368421052628,19.08163265306123,43.0,26.599999999999937,13.999999999999982,25.39999999999994,30.199999999999925,15.199999999999978,36.59999999999998,6.800000000000003,6.800000000000003,6.800000000000003,7.000000000000004,3.800000000000001,9.799999999999995,977,19.163550102822555,19.42452735332228,"[1, 4, 1, 6, 4, 3, 6, 1, 2, 5, 2]","[[[88.4323053569805, 24.539876882390708], [91.17394037372443, -65.42798991004791], [178.04130382755187, 61.38450615824816], [1.958696172448151, -118.61549384175186], [88.82605962627557, 114.57201008995209], [91.56769464301951, -155.4601231176093]], [[114.79025645142877, 17.05848715430775], [101.26393159137547, -78.21939045424001], [152.44742653231515, 169.339286764346], [27.552573467684855, -10.660713235653994], [78.73606840862453, 101.78060954576], [65.20974354857124, -162.94151284569224]], [[152.6314209587152, 25.85177727762751], [101.20396798049518, -86.6457341512476], [114.6221554983525, 178.14581111364438], [65.37784450164749, -1.8541888863556217], [78.79603201950482, 93.35426584875242], [27.368579041284775, -154.14822272237248]], [[139.16909090416627, 142.21149437330158], [105.54029577671623, -109.01608147876779], [53.38628881432866, 172.90857437219287], [126.61371118567135, -7.0914256278071415], [74.45970422328377, 70.98391852123223], [40.83090909583375, -37.78850562669845]], [[131.60256373734825, 151.28670920113325], [92.10569487850132, -116.84242424134897], [41.68045058262668, 155.5243183942767], [138.3195494173733, -24.475681605723306], [87.89430512149869, 63.157575758651035], [48.39743626265177, -28.71329079886674]], [[73.67218924961625, 152.43881154792496], [83.27575877659953, -115.58185162035917], [17.730608569647647, -3.9429730010952215], [162.26939143035239, 176.05702699890477], [96.72424122340047, 64.41814837964083], [106.32781075038376, -27.56118845207504]], [[32.06504551078244, 122.95504722526579], [65.75496898121162, -101.08007852927946], [70.33820411539678, -1.8200959474592264], [109.66179588460322, 178.1799040525408], [114.2450310187884, 78.91992147072055], [147.93495448921755, -57.04495277473422]], [[32.532604431202515, 49.552917909947645], [66.4437340611651, -83.56434870825555], [111.09056078298951, -3.2445282804132884], [68.9094392170105, 176.7554717195867], [113.5562659388349, 96.43565129174443], [147.46739556879749, -130.44708209005236]], [[54.432720651656574, 177.7956099312317], [35.928321678806356, -11.524843426311286], [85.56651616160553, 84.61740325695692], [94.43348383839448, -95.38259674304308], [144.07167832119364, 168.4751565736887], [125.56727934834343, -2.204390068768294]], [[8.142169405524287, 149.86517884479505], [96.54674766138166, -173.4686655297319], [85.1801558243495, -84.02311846138473], [94.81984417565052, 95.97688153861527], [83.45325233861834, 6.531334470268114], [171.8578305944757, -30.134821155204968]], [[10.806509344818396, 65.44812406132597], [81.93627268559801, -156.6301983810349], [82.85358751933835, -65.61239192883114], [97.14641248066167, 114.38760807116887], [98.063727314402, 23.369801618965113], [169.19349065518162, -114.55187593867404]]]","[[['east', 'south', 'down', 'up', 'north', 'west']], [['east', 'south', 'down', 'up', 'north', 'west']], [['down', 'south', 'west', 'east', 'north', 'up']], [['down', 'south', 'west', 'east', 'north', 'up']], [['west', 'south', 'up', 'down', 'north', 'east']], [['west', 'south', 'up', 'down', 'north', 'east']], [['up', 'south', 'east', 'west', 'north', 'down']], [['up', 'south', 'east', 'west', 'north', 'down']], [['west', 'up', 'north', 'south', 'down', 'east']], [['up', 'west', 'south', 'north', 'east', 'down']], [['up', 'west', 'south', 'north', 'east', 'down']]]","[[['front', 'left', 'down', 'up', 'right', 'rear']], [['front', 'left', 'down', 'up', 'right', 'rear']], [['down', 'left', 'rear', 'front', 'right', 'up']], [['down', 'left', 'rear', 'front', 'right', 'up']], [['rear', 'left', 'up', 'down', 'right', 'front']], [['rear', 'left', 'up', 'down', 'right', 'front']], [['up', 'left', 'front', 'rear', 'right', 'down']], [['up', 'left', 'front', 'rear', 'right', 'down']], [['rear', 'up', 'right', 'left', 'down', 'front']], [['up', 'rear', 'left', 'right', 'front', 'down']], [['up', 'rear', 'left', 'right', 'front', 'down']]]","[0.4, 6.6, 10.0, 11.4, 18.0, 19.2, 24.4, 25.2, 29.4, 37.6, 41.0]",4.0600000000000005,2.371581750646602,"['front', 'up', 'down', 'up', 'down', 'up', 'down', 'up', 'up', 'front', 'rear']","state2  down  front  rear   up
state1                        
down     NaN    NaN   NaN  0.3
front    NaN    NaN   0.1  0.1
up       0.3    0.1   NaN  0.1","[2, 0, 0, 1, 0, 1]",4,6,19
13,nd,30,male,0,3,even,conf3,west,4,4,2,2,5,5,even,even,even,even,odd,odd,12,12,1,1977,355,230,396,291,283,422,619,136,93,105,59,83,143,52.026315789473685,15.570175438596523,19.16666666666668,13.026315789473715,14.846938775510232,22.460317460317484,16.356589147286858,16.289473684210527,18.37837837837837,20.21739130434782,14.999999999999991,16.388888888888886,15.961538461538456,17.439024390243897,38.0,22.79999999999995,11.99999999999999,30.399999999999924,19.59999999999996,12.599999999999987,25.79999999999994,7.400000000000004,4.600000000000001,7.000000000000004,3.600000000000001,5.200000000000002,8.200000000000003,915,20.707114374023348,20.81304344256612,"[1, 4, 6, 3, 1, 2, 6, 5]","[[[77.59189302643304, 32.78618936893226], [79.56998604832543, -59.53486795919038], [163.681901996274, -8.493057438149279], [16.318098003726007, 171.50694256185074], [100.43001395167458, 120.46513204080965], [102.40810697356697, -147.21381063106776]], [[70.66480408502845, 8.866417903555746], [86.30073449800948, -82.43351623315442], [160.2862063379677, -2.8286358673316707], [19.713793662032295, 177.17136413266834], [93.69926550199052, 97.5664837668456], [109.33519591497156, -171.1335820964443]], [[153.6974930524668, 42.99808980099252], [105.63665422302927, -81.49185584355311], [110.59170674986065, -177.52819955180433], [69.40829325013935, 2.4718004481956664], [74.36334577697075, 98.50814415644689], [26.302506947533207, -137.00191019900748]], [[53.99451887513282, 158.05276659025012], [79.06808183708007, -103.87866694816063], [38.147983991854744, 0.3566950225231503], [141.85201600814526, -179.64330497747684], [100.93191816291993, 76.12133305183937], [126.0054811248672, -21.947233409749888]], [[21.175482991847204, 71.96147576493581], [69.48211110962093, -93.07174818470136], [95.01241985580732, -4.952737180170076], [84.98758014419269, 175.04726281982994], [110.51788889037908, 86.92825181529865], [158.8245170081528, -108.03852423506419]], [[100.8139579361028, 97.42354882836662], [41.85522132611911, 19.734793281238144], [129.81639760324293, -1.7391447781735307], [50.18360239675709, 178.26085522182646], [138.14477867388092, -160.26520671876185], [79.18604206389722, -82.57645117163338]], [[59.22111791429762, 28.529437403969375], [61.76954040219497, -80.11997433755846], [135.8245473218602, -23.662738803151445], [44.17545267813981, 156.33726119684854], [118.23045959780504, 99.88002566244154], [120.77888208570239, -151.47056259603062]], [[66.91038806500272, -68.14308412914913], [112.0708976660262, -148.188985319395], [147.10314952546128, -19.372275188361016], [32.89685047453872, 160.62772481163898], [67.92910233397382, 31.811014680605002], [113.08961193499728, 111.85691587085086]]]","[[['east', 'south', 'down', 'up', 'north', 'west']], [['east', 'south', 'down', 'up', 'north', 'west']], [['down', 'south', 'west', 'east', 'north', 'up']], [['west', 'south', 'up', 'down', 'north', 'east']], [['up', 'south', 'east', 'west', 'north', 'down']], [['north', 'up', 'east', 'west', 'down', 'south']], [['east', 'south', 'down', 'up', 'north', 'west']], [['south', 'west', 'down', 'up', 'east', 'north']]]","[[['front', 'left', 'down', 'up', 'right', 'rear']], [['front', 'left', 'down', 'up', 'right', 'rear']], [['down', 'left', 'rear', 'front', 'right', 'up']], [['rear', 'left', 'up', 'down', 'right', 'front']], [['up', 'left', 'front', 'rear', 'right', 'down']], [['right', 'up', 'front', 'rear', 'down', 'left']], [['front', 'left', 'down', 'up', 'right', 'rear']], [['left', 'rear', 'down', 'up', 'front', 'right']]]","[0.6, 6.0, 10.4, 19.2, 23.8, 28.4, 31.8, 33.4]",4.685714285714285,2.025148016762212,"['front', 'up', 'up', 'up', 'up', 'up', 'rear', 'front']","state2     front      rear        up
state1                              
front        NaN       NaN  0.142857
rear    0.142857       NaN       NaN
up           NaN  0.142857  0.571429","[1, 0, 0, 0, 0, 1]",2,4,19
14,lc,34,male,0,16,odd,conf10,west,5,4,1,4,3,4,odd,even,odd,even,odd,even,9,9,1,1192,592,36,52,51,129,332,273,61,11,31,47,59,64,63.40425531914893,33.25842696629219,15.0,12.999999999999996,16.999999999999996,19.545454545454536,19.761904761904795,14.52127659574468,21.785714285714285,13.75,19.375,18.07692307692308,22.69230769230769,20.0,18.8,17.79999999999997,2.4,4.000000000000001,3.0000000000000004,6.600000000000003,16.799999999999972,2.8000000000000003,0.8,1.6,2.6,2.6,3.2000000000000006,526,24.05691668399064,24.05691668399064,"[1, 5, 6, 3, 4]","[[[63.82352643862434, 13.606687618882372], [87.56618452810322, -77.59046416687073], [153.69326291095663, 7.477490036965952], [26.306737089043352, -172.52250996303405], [92.43381547189679, 102.40953583312928], [116.17647356137566, -166.39331238111765]], [[17.25265690947469, 19.797768260419137], [101.15607064382763, -30.78137448922532], [102.9901730552407, 61.82611596887761], [77.0098269447593, -118.17388403112241], [78.84392935617238, 149.21862551077467], [162.7473430905253, -160.20223173958087]], [[23.656466159363802, -0.40847928660763433], [108.02335150541334, -42.442518382758514], [104.8022481565008, 52.4898748167408], [75.1977518434992, -127.5101251832592], [71.97664849458667, 137.5574816172415], [156.34353384063618, 179.59152071339236]], [[38.0556656844761, -63.65238929781954], [109.52509694187091, -0.5870647753622154], [58.804709410585474, 77.01380012905554], [121.19529058941454, -102.98619987094447], [70.47490305812909, 179.41293522463778], [141.94433431552392, 116.34761070218048]], [[73.85729059612186, 58.83046853132933], [100.81974528892704, -27.998449866059392], [160.39890506731916, 94.45997757630455], [19.60109493268084, -85.54002242369546], [79.18025471107296, 152.0015501339406], [106.14270940387814, -121.16953146867068]]]","[[['east', 'south', 'down', 'up', 'north', 'west']], [['up', 'east', 'north', 'south', 'west', 'down']], [['up', 'east', 'north', 'south', 'west', 'down']], [['up', 'east', 'north', 'south', 'west', 'down']], [['north', 'east', 'down', 'up', 'west', 'south']]]","[[['front', 'left', 'down', 'up', 'right', 'rear']], [['up', 'front', 'right', 'left', 'rear', 'down']], [['up', 'front', 'right', 'left', 'rear', 'down']], [['up', 'front', 'right', 'left', 'rear', 'down']], [['right', 'front', 'down', 'up', 'rear', 'left']]]","[1.6, 4.8, 8.6, 12.6, 15.2]",3.4,0.5477225575051663,"['front', 'rear', 'down', 'right', 'up']","state2  down  rear  right    up
state1                         
down     NaN   NaN   0.25   NaN
front    NaN  0.25    NaN   NaN
rear    0.25   NaN    NaN   NaN
right    NaN   NaN    NaN  0.25","[0, 0, 0, 0, 0, 0]",0,4,20
14,lc,34,male,0,17,odd,conf11,west,5,4,1,4,3,3,odd,even,odd,even,odd,odd,12,12,1,1189,549,19,71,45,65,440,315,98,5,57,41,41,73,61.927083333333336,30.500000000000053,9.500000000000002,15.434782608695649,18.75,16.249999999999996,24.71910112359555,16.40625,20.41666666666666,12.5,20.35714285714285,18.63636363636364,17.083333333333336,21.470588235294112,19.2,17.999999999999968,2.0,4.600000000000001,2.4,4.000000000000001,17.79999999999997,4.800000000000002,0.4,2.8000000000000003,2.2,2.4,3.400000000000001,562,23.966335348787663,23.966335348787663,"[1, 5, 6, 3, 1, 4]","[[[86.5052217369427, 26.561294042948106], [90.64131527263284, -63.39953846142283], [176.44672231199561, 36.98546108003245], [3.5532776880044112, -143.01453891996755], [89.35868472736718, 116.60046153857718], [93.4947782630573, -153.4387059570519]], [[26.881618641939223, 17.50517167105223], [111.03355668138956, -23.156953687636435], [105.96132145456114, 73.15738721011357], [74.03867854543886, -106.84261278988645], [68.96644331861044, 156.84304631236358], [153.1183813580608, -162.49482832894776]], [[33.404747764327404, 22.496363435821063], [113.82726415543881, -25.464907259801585], [111.96490364429614, 74.79489574237955], [68.03509635570386, -105.20510425762046], [66.17273584456119, 154.53509274019842], [146.5952522356726, -157.50363656417895]], [[29.894901351114083, -54.38787360435516], [111.5252008423305, -7.706611265550318], [70.28586396744933, 74.16845122216789], [109.71413603255068, -105.83154877783211], [68.47479915766951, 172.29338873444968], [150.1050986488859, 125.61212639564485]], [[19.89092592064596, -35.68973354033542], [105.42143889937665, 4.634003346301651], [77.74644283290691, 91.199326987929], [102.25355716709309, -88.800673012071], [74.57856110062336, -175.36599665369837], [160.10907407935403, 144.3102664596646]], [[11.170565698900509, 24.473886885162432], [99.9080347149915, -3.3305318514528013], [95.10715508612797, 87.56395391389134], [84.89284491387203, -92.43604608610868], [80.09196528500851, 176.6694681485472], [168.8294343010995, -155.52611311483759]]]","[[['east', 'south', 'down', 'up', 'north', 'west']], [['up', 'east', 'north', 'south', 'west', 'down']], [['up', 'east', 'north', 'south', 'west', 'down']], [['up', 'east', 'north', 'south', 'west', 'down']], [['up', 'east', 'north', 'south', 'west', 'down']], [['up', 'east', 'north', 'south', 'west', 'down']]]","[[['front', 'left', 'down', 'up', 'right', 'rear']], [['up', 'front', 'right', 'left', 'rear', 'down']], [['up', 'front', 'right', 'left', 'rear', 'down']], [['up', 'front', 'right', 'left', 'rear', 'down']], [['up', 'front', 'right', 'left', 'rear', 'down']], [['up', 'front', 'right', 'left', 'rear', 'down']]]","[1.2, 5.6, 8.0, 11.4, 14.8, 16.0]",2.96,1.0836973747315255,"['front', 'rear', 'down', 'right', 'up', 'left']","state2  down  left  rear  right   up
state1                              
down     NaN   NaN   NaN    0.2  NaN
front    NaN   NaN   0.2    NaN  NaN
rear     0.2   NaN   NaN    NaN  NaN
right    NaN   NaN   NaN    NaN  0.2
up       NaN   0.2   NaN    NaN  NaN","[1, 0, 0, 0, 0, 0]",1,5,20
14,lc,34,male,0,18,odd,conf12,west,5,4,2,4,2,5,odd,even,even,even,even,odd,10,10,1,1437,718,37,48,42,99,493,425,123,22,33,41,68,138,57.943548387096776,29.669421487603373,11.562499999999998,13.33333333333333,17.5,15.967741935483865,20.71428571428576,17.137096774193548,29.28571428571428,11.000000000000002,15.000000000000002,18.63636363636364,18.88888888888888,20.9090909090909,24.8,24.199999999999942,3.2000000000000006,3.600000000000001,2.4,6.200000000000003,23.799999999999947,4.200000000000001,2.0,2.2,2.2,3.600000000000001,6.600000000000003,688,23.646890566574623,23.646890566574623,"[1, 5, 6, 3, 4, 5, 6, 2]","[[[23.82419672155929, 60.80796299355657], [92.22636268294468, -24.140885510553687], [113.7069762065972, 66.83728256057672], [66.29302379340281, -113.16271743942329], [87.77363731705533, 155.8591144894463], [156.17580327844072, -119.19203700644343]], [[20.563844877660873, 38.518684744275774], [100.86791757649243, -20.70026419809287], [107.23895634773899, 72.7150737848958], [72.76104365226102, -107.2849262151042], [79.13208242350757, 159.29973580190713], [159.43615512233913, -141.48131525572424]], [[21.138108671861417, 26.857194344948596], [103.73995076986635, -23.91418159814343], [105.74465492988669, 70.03864066087772], [74.25534507011332, -109.96135933912228], [76.26004923013366, 156.08581840185659], [158.86189132813857, -153.1428056550514]], [[20.104790935970215, -39.11702531229811], [108.19601515556633, -13.013336461987357], [81.73911403825873, 74.25124651221613], [98.26088596174127, -105.74875348778389], [71.80398484443367, 166.98666353801266], [159.89520906402979, 140.8829746877019]], [[82.73670775210346, 68.33317101454904], [106.35364237070463, -19.523519410855897], [162.0222589892119, 135.20586025574585], [17.977741010788097, -44.79413974425418], [73.64635762929537, 160.4764805891441], [97.26329224789656, -111.66682898545096]], [[83.59680386769838, 61.90347704906812], [99.58906780860885, -27.010168752760368], [168.43576473716226, 118.64254505702154], [11.564235262837757, -61.35745494297848], [80.41093219139115, 152.98983124723964], [96.40319613230162, -118.09652295093188]], [[23.879762231803273, -46.735312552103935], [110.41166834648332, -13.93430989397768], [78.13947761988221, 71.5833381207166], [101.8605223801178, -108.4166618792834], [69.58833165351669, 166.06569010602232], [156.12023776819672, 133.26468744789608]], [[35.594212792960455, -76.47499332385756], [100.95307104350613, -2.161762991456234], [56.62240593934556, 80.51301416835013], [123.37759406065443, -99.48698583164987], [79.04692895649387, 177.83823700854376], [144.40578720703957, 103.52500667614245]]]","[[['up', 'east', 'north', 'south', 'west', 'down']], [['up', 'east', 'north', 'south', 'west', 'down']], [['up', 'east', 'north', 'south', 'west', 'down']], [['up', 'east', 'north', 'south', 'west', 'down']], [['north', 'east', 'down', 'up', 'west', 'south']], [['north', 'east', 'down', 'up', 'west', 'south']], [['up', 'east', 'north', 'south', 'west', 'down']], [['up', 'east', 'north', 'south', 'west', 'down']]]","[[['up', 'front', 'right', 'left', 'rear', 'down']], [['up', 'front', 'right', 'left', 'rear', 'down']], [['up', 'front', 'right', 'left', 'rear', 'down']], [['up', 'front', 'right', 'left', 'rear', 'down']], [['right', 'front', 'down', 'up', 'rear', 'left']], [['right', 'front', 'down', 'up', 'rear', 'left']], [['up', 'front', 'right', 'left', 'rear', 'down']], [['up', 'front', 'right', 'left', 'rear', 'down']]]","[2.6, 4.2, 6.0, 11.2, 15.4, 17.8, 20.0, 21.8]",2.742857142857143,1.290467404644139,"['up', 'rear', 'down', 'right', 'up', 'rear', 'down', 'front']","state2      down     front      rear     right        up
state1                                                  
down         NaN  0.142857       NaN  0.142857       NaN
rear    0.285714       NaN       NaN       NaN       NaN
right        NaN       NaN       NaN       NaN  0.142857
up           NaN       NaN  0.285714       NaN       NaN","[0, 0, 0, 0, 1, 1]",2,5,20
11,sz,26,female,1,1,odd,conf1,west,4,6,2,1,3,5,even,even,even,odd,odd,odd,9,6,0,2412,117,250,190,913,297,645,815,84,87,121,178,84,261,49.224489795918366,15.810810810810802,11.68224299065423,41.30434782608695,18.94190871369289,13.026315789473712,34.677419354838776,16.632653061224488,16.153846153846146,11.447368421052625,30.25,22.24999999999999,16.799999999999994,23.72727272727274,49.0,7.400000000000004,21.39999999999996,4.600000000000001,48.20000000000015,22.79999999999995,18.59999999999997,5.200000000000002,7.600000000000004,4.000000000000001,8.000000000000004,5.000000000000002,10.999999999999991,171,3.1906381664434886,4.623754132511931,"[6, 5, 2, 1, 4, 6, 1, 3, 4]","[[[88.34312293072303, 28.059754066315335], [90.61318132312418, -61.922508358714694], [178.233239499665, 48.37950275308689], [1.7667605003350273, -131.62049724691312], [89.38681867687582, 118.0774916412853], [91.65687706927697, -151.94024593368468]], [[88.85058835420209, 25.597360917930523], [90.22592015356662, -64.3981062622957], [178.82859027502127, 36.72022412501615], [1.1714097249787399, -143.27977587498384], [89.7740798464334, 115.6018937377043], [91.1494116457979, -154.40263908206947]], [[88.37701644906996, 26.1337012245936], [90.55858471784792, -63.850471342555764], [178.28353285242338, 45.13569918823276], [1.716467147576622, -134.86430081176724], [89.44141528215208, 116.14952865744424], [91.62298355093006, -153.8662987754064]], [[88.47084714347686, 23.47675918709556], [89.97217655616953, -66.52398356231738], [178.4705939158054, 22.4338633537884], [1.5294060841946102, -157.5661366462116], [90.02782344383047, 113.47601643768262], [91.52915285652315, -156.52324081290445]], [[87.94826559781218, 22.495223732391995], [90.53290909802992, -67.48568433620768], [177.88012993356406, 37.06759348715939], [2.1198700664359285, -142.9324065128406], [89.4670909019701, 112.51431566379233], [92.05173440218782, -157.504776267608]], [[88.65863704024991, 22.942150662012356], [90.16483303057271, -67.05398968311032], [178.6485435826699, 29.9503589961832], [1.3514564173301078, -150.04964100381682], [89.83516696942729, 112.9460103168897], [91.34136295975009, -157.05784933798765]], [[88.76459312187663, 24.858871808919215], [90.67072140133281, -65.12666324894079], [178.59421309380588, 53.36563384745584], [1.405786906194111, -126.63436615254416], [89.3292785986672, 114.87333675105923], [91.23540687812337, -155.14112819108078]], [[89.14951225059279, 22.509208482127764], [88.18551797007207, -67.51773633471052], [177.99596448488765, -42.387866978667546], [2.0040355151123586, 137.61213302133245], [91.81448202992794, 112.48226366528948], [90.85048774940722, -157.49079151787222]], [[90.17004468410617, 24.117111709672198], [91.81612147038828, -65.88828006926448], [178.17592988985595, 119.46434717512471], [1.8240701101440586, -60.5356528248753], [88.18387852961173, 114.11171993073552], [89.82995531589383, -155.88288829032783]]]","[[['east', 'south', 'down', 'up', 'north', 'west']], [['east', 'south', 'down', 'up', 'north', 'west']], [['east', 'south', 'down', 'up', 'north', 'west']], [['east', 'south', 'down', 'up', 'north', 'west']], [['east', 'south', 'down', 'up', 'north', 'west']], [['east', 'south', 'down', 'up', 'north', 'west']], [['east', 'south', 'down', 'up', 'north', 'west']], [['east', 'south', 'down', 'up', 'north', 'west']], [['east', 'south', 'down', 'up', 'north', 'west']]]","[[['front', 'left', 'down', 'up', 'right', 'rear']], [['front', 'left', 'down', 'up', 'right', 'rear']], [['front', 'left', 'down', 'up', 'right', 'rear']], [['front', 'left', 'down', 'up', 'right', 'rear']], [['front', 'left', 'down', 'up', 'right', 'rear']], [['front', 'left', 'down', 'up', 'right', 'rear']], [['front', 'left', 'down', 'up', 'right', 'rear']], [['front', 'left', 'down', 'up', 'right', 'rear']], [['front', 'left', 'down', 'up', 'right', 'rear']]]","[3.8, 13.0, 16.8, 25.4, 28.8, 30.2, 36.2, 40.0, 46.0]",5.275,2.509855573534063,"['rear', 'right', 'left', 'front', 'up', 'rear', 'front', 'down', 'up']","state2   down  front   left   rear  right     up
state1                                          
down      NaN    NaN    NaN    NaN    NaN  0.125
front   0.125    NaN    NaN    NaN    NaN  0.125
left      NaN  0.125    NaN    NaN    NaN    NaN
rear      NaN  0.125    NaN    NaN  0.125    NaN
right     NaN    NaN  0.125    NaN    NaN    NaN
up        NaN    NaN    NaN  0.125    NaN    NaN","[1, 0, 0, 0, 0, 1]",2,8,9
11,sz,26,female,1,2,odd,conf2,west,5,6,4,1,3,5,odd,even,even,odd,odd,odd,14,14,1,1708,165,102,191,753,189,308,623,93,58,112,96,132,132,41.05769230769231,12.31343283582091,11.860465116279068,31.83333333333332,18.188405797101428,13.69565217391306,18.11764705882356,14.975961538461538,14.531249999999991,14.499999999999996,25.45454545454545,15.483870967741929,15.71428571428571,25.384615384615376,41.6,13.399999999999984,8.600000000000001,6.000000000000003,41.40000000000005,13.799999999999985,16.99999999999997,6.400000000000003,4.000000000000001,4.400000000000001,6.200000000000003,8.400000000000002,5.200000000000002,147,3.413775959866445,4.954609780045272,"[5, 1, 4, 6, 5, 2, 3]","[[[85.49089548338287, 24.838968305589745], [90.3750387431391, -65.13145511651737], [175.47526132745378, 29.613190679431316], [4.5247386725462295, -150.3868093205687], [89.62496125686089, 114.86854488348263], [94.50910451661714, -155.16103169441024]], [[87.35463861297185, 24.59723334528745], [89.94672317132589, -65.40522821012205], [177.3541014142201, 23.4418273875173], [2.6458985857798796, -156.5581726124827], [90.05327682867411, 114.59477178987797], [92.64536138702815, -155.40276665471254]], [[86.96487799299986, 26.12407705572216], [89.43261703977983, -63.906007979269795], [176.91220271448194, 15.515745808306798], [3.0877972855180618, -164.4842541916932], [90.56738296022017, 116.09399202073021], [93.03512200700014, -153.87592294427785]], [[86.7860264699178, 21.71210092811686], [89.24745372892782, -68.33015948468416], [176.69891811982242, 8.506353995270416], [3.301081880177581, -171.49364600472958], [90.75254627107219, 111.66984051531584], [93.21397353008221, -158.28789907188315]], [[87.55877457702334, 21.436501355060784], [88.98733449795988, -68.60667633949397], [177.35683611342358, -1.1197549238263917], [2.643163886576417, 178.88024507617362], [91.01266550204012, 111.39332366050603], [92.44122542297667, -158.56349864493922]], [[87.32774700220857, 20.337707652186], [88.6580038355123, -69.72493942161324], [177.00926350186916, -6.365503272077545], [2.9907364981308553, 173.63449672792245], [91.3419961644877, 110.27506057838676], [92.67225299779143, -159.662292347814]], [[87.79771328935527, 19.209085695202397], [89.33447741552466, -70.81650885619172], [177.69925584947597, 2.378118388586387], [2.3007441505240283, -177.6218816114136], [90.66552258447534, 109.18349114380828], [92.20228671064473, -160.7909143047976]]]","[[['east', 'south', 'down', 'up', 'north', 'west']], [['east', 'south', 'down', 'up', 'north', 'west']], [['east', 'south', 'down', 'up', 'north', 'west']], [['east', 'south', 'down', 'up', 'north', 'west']], [['east', 'south', 'down', 'up', 'north', 'west']], [['east', 'south', 'down', 'up', 'north', 'west']], [['east', 'south', 'down', 'up', 'north', 'west']]]","[[['front', 'left', 'down', 'up', 'right', 'rear']], [['front', 'left', 'down', 'up', 'right', 'rear']], [['front', 'left', 'down', 'up', 'right', 'rear']], [['front', 'left', 'down', 'up', 'right', 'rear']], [['front', 'left', 'down', 'up', 'right', 'rear']], [['front', 'left', 'down', 'up', 'right', 'rear']], [['front', 'left', 'down', 'up', 'right', 'rear']]]","[0.6, 1.4, 8.4, 13.2, 19.2, 28.4, 33.6]",5.5,2.5449295995501853,"['right', 'front', 'up', 'rear', 'right', 'left', 'down']","state2      down     front      left      rear     right        up
state1                                                            
front        NaN       NaN       NaN       NaN       NaN  0.166667
left    0.166667       NaN       NaN       NaN       NaN       NaN
rear         NaN       NaN       NaN       NaN  0.166667       NaN
right        NaN  0.166667  0.166667       NaN       NaN       NaN
up           NaN       NaN       NaN  0.166667       NaN       NaN","[0, 0, 0, 0, 1, 0]",1,6,9
11,sz,26,female,1,3,odd,conf3,west,4,4,2,2,5,5,even,even,even,even,odd,odd,10,10,1,2177,176,153,201,1123,238,286,635,61,75,109,126,82,182,52.08133971291866,11.000000000000018,13.189655172413804,34.65517241379309,27.524509803921543,10.917431192660572,36.66666666666665,15.191387559808614,13.260869565217387,14.999999999999996,28.68421052631578,17.027027027027017,12.05882352941176,29.35483870967741,41.8,15.999999999999975,11.59999999999999,5.8000000000000025,40.80000000000004,21.799999999999955,7.800000000000004,4.600000000000001,5.000000000000002,3.800000000000001,7.400000000000004,6.800000000000003,6.200000000000003,148,3.288710265713225,5.503247818145392,"[4, 6, 1, 5, 2, 3, 6, 4, 1]","[[[83.15658528535857, 23.13962906285756], [90.42272871454081, -66.80963776453962], [173.14341663108755, 26.70821192291503], [6.856583368912448, -153.29178807708496], [89.57727128545919, 113.1903622354604], [96.84341471464144, -156.86037093714245]], [[88.54564202576267, 22.230896960086834], [88.7086782487349, -67.80189368832922], [178.0549072939643, -19.387958911419606], [1.9450927060357015, 160.61204108858038], [91.2913217512651, 112.19810631167078], [91.45435797423733, -157.76910303991315]], [[88.36770324671977, 21.00966378440943], [88.75104669687435, -69.02593285709715], [177.94448994796716, -16.43112837284974], [2.0555100520328486, 163.56887162715026], [91.24895330312566, 110.97406714290285], [91.63229675328024, -158.9903362155906]], [[87.19390473856764, 20.61246239180152], [88.88989072109112, -69.4419562067623], [176.98197309694527, -1.0054401620384896], [3.0180269030547513, 178.99455983796153], [91.1101092789089, 110.55804379323769], [92.80609526143236, -159.38753760819847]], [[88.16470787733432, 20.83844065208497], [88.24436760344109, -69.21783243553182], [177.45979281068497, -22.91929246648781], [2.5402071893150455, 157.0807075335122], [91.75563239655892, 110.7821675644682], [91.83529212266568, -159.16155934791502]], [[89.14804784188226, 19.66990442080366], [90.38070888143405, -70.32443417731874], [179.06684240417897, 43.75163260647976], [0.9331575958210435, -136.24836739352023], [89.61929111856597, 109.67556582268126], [90.85195215811774, -160.33009557919635]], [[89.38415829214898, 26.068590181173146], [88.72439616900914, -63.945123396562174], [178.58347202560287, -38.166316338144846], [1.416527974397122, 141.83368366185516], [91.27560383099087, 116.05487660343783], [90.61584170785103, -153.93140981882686]], [[88.6939391256001, 27.25764711512645], [88.27495493228986, -62.781694098338], [177.83606677097333, -25.630262393798272], [2.163933229026682, 154.36973760620174], [91.72504506771014, 117.218305901662], [91.30606087439992, -152.74235288487358]], [[88.36441983783035, 27.09390634115375], [88.10799236264167, -62.96013772766097], [177.4986480057882, -22.08944488992173], [2.501351994211805, 157.91055511007826], [91.89200763735833, 117.03986227233902], [91.63558016216966, -152.90609365884626]]]","[[['east', 'south', 'down', 'up', 'north', 'west']], [['east', 'south', 'down', 'up', 'north', 'west']], [['east', 'south', 'down', 'up', 'north', 'west']], [['east', 'south', 'down', 'up', 'north', 'west']], [['east', 'south', 'down', 'up', 'north', 'west']], [['east', 'south', 'down', 'up', 'north', 'west']], [['east', 'south', 'down', 'up', 'north', 'west']], [['east', 'south', 'down', 'up', 'north', 'west']], [['east', 'south', 'down', 'up', 'north', 'west']]]","[[['front', 'left', 'down', 'up', 'right', 'rear']], [['front', 'left', 'down', 'up', 'right', 'rear']], [['front', 'left', 'down', 'up', 'right', 'rear']], [['front', 'left', 'down', 'up', 'right', 'rear']], [['front', 'left', 'down', 'up', 'right', 'rear']], [['front', 'left', 'down', 'up', 'right', 'rear']], [['front', 'left', 'down', 'up', 'right', 'rear']], [['front', 'left', 'down', 'up', 'right', 'rear']], [['front', 'left', 'down', 'up', 'right', 'rear']]]","[0.8, 4.6, 11.6, 14.0, 22.2, 28.6, 35.6, 37.0, 39.8]",4.875,2.3998697881343487,"['up', 'rear', 'front', 'right', 'left', 'down', 'rear', 'up', 'front']","state2   down  front   left   rear  right     up
state1                                          
down      NaN    NaN    NaN  0.125    NaN    NaN
front     NaN    NaN    NaN    NaN  0.125    NaN
left    0.125    NaN    NaN    NaN    NaN    NaN
rear      NaN  0.125    NaN    NaN    NaN  0.125
right     NaN    NaN  0.125    NaN    NaN    NaN
up        NaN  0.125    NaN  0.125    NaN    NaN","[0, 0, 0, 1, 0, 1]",2,8,9
5,gb,28,female,1,16,even,conf10,west,5,4,1,4,3,4,odd,even,odd,even,odd,even,12,16,0,2463,450,454,254,309,502,494,789,167,116,59,136,107,204,42.76041666666666,13.005780346820828,16.44927536231888,10.94827586206899,13.205128205128236,14.852071005917184,13.351351351351356,13.697916666666666,14.649122807017555,14.871794871794863,17.352941176470583,15.11111111111111,14.078947368421044,16.721311475409852,57.6,34.59999999999995,27.59999999999993,23.19999999999995,23.39999999999995,33.79999999999994,36.99999999999999,11.399999999999991,7.800000000000004,3.400000000000001,9.0,7.600000000000004,12.199999999999989,1361,21.012897683125825,21.084228479743054,"[4, 6, 1, 4, 2, 5, 6, 5, 1, 2]","[[[128.12639167498827, 22.498573866391787], [104.99102717632758, -79.63354476955823], [137.97961235062692, 173.0776340533717], [42.02038764937307, -6.922365946628303], [75.00897282367244, 100.36645523044177], [51.873608325011716, -157.50142613360822]], [[155.9237530941113, 78.15501414446439], [114.0496403655754, -98.98390664157729], [91.0654814939649, 170.54054361917997], [88.9345185060351, -9.459456380820034], [65.95035963442461, 81.01609335842271], [24.076246905888684, -101.84498585553563]], [[21.740022372998865, 53.11279805732247], [74.9572760768509, -79.2609967573076], [105.32287423993776, 6.516113365111173], [74.67712576006225, -173.48388663488885], [105.04272392314911, 100.7390032426924], [158.25997762700112, -126.88720194267755]], [[82.8063192341475, 19.856620575329767], [93.23428372299627, -69.73471915802507], [172.10566362313523, 44.31528923648926], [7.894336376864782, -135.68471076351076], [86.76571627700373, 110.26528084197493], [97.1936807658525, -160.14337942467026]], [[135.6550170493551, 16.264048336142626], [48.44350434903188, -8.643451819315782], [102.72566352182542, -87.09507671397228], [77.27433647817458, 92.90492328602772], [131.55649565096812, 171.35654818068423], [44.344982950644905, -163.73595166385738]], [[153.6229869458461, 25.50533148887992], [65.36931035676074, 3.104548159999766], [98.8530817595531, -82.8003571115612], [81.1469182404469, 97.19964288843882], [114.63068964323926, -176.89545184000022], [26.37701305415393, -154.4946685111201]], [[137.65076500417547, 171.202807097121], [132.02804236743873, -0.2128552831514088], [94.28351512800124, -94.08370029998702], [85.71648487199877, 85.91629970001298], [47.971957632561285, 179.7871447168486], [42.34923499582455, -8.797192902878997]], [[93.56694033531846, 179.1061475465704], [175.25358835964118, -42.23822222536414], [86.8726993108307, -91.08898820192442], [93.12730068916932, 88.91101179807558], [4.746411640358845, 137.76177777463585], [86.43305966468154, -0.8938524534295984]], [[20.84125857185813, 43.81128128330306], [72.77559115283063, -171.6643193499285], [78.62561707778437, -78.08866251095036], [101.37438292221563, 101.91133748904964], [107.22440884716937, 8.335680650071522], [159.15874142814187, -136.18871871669694]], [[103.52877870392037, 1.5140734955473238], [14.227741997725445, 19.900752401843754], [85.67729680230289, -87.44380528826302], [94.32270319769711, 92.55619471173699], [165.77225800227458, -160.09924759815624], [76.47122129607963, -178.4859265044527]]]","[[['east', 'south', 'down', 'up', 'north', 'west']], [['down', 'south', 'west', 'east', 'north', 'up']], [['up', 'south', 'east', 'west', 'north', 'down']], [['east', 'south', 'down', 'up', 'north', 'west']], [['down', 'east', 'south', 'north', 'west', 'up']], [['down', 'east', 'south', 'north', 'west', 'up']], [['down', 'east', 'south', 'north', 'west', 'up']], [['west', 'down', 'south', 'north', 'up', 'east']], [['up', 'west', 'south', 'north', 'east', 'down']], [['east', 'up', 'south', 'north', 'down', 'west']]]","[[['front', 'left', 'down', 'up', 'right', 'rear']], [['down', 'left', 'rear', 'front', 'right', 'up']], [['up', 'left', 'front', 'rear', 'right', 'down']], [['front', 'left', 'down', 'up', 'right', 'rear']], [['down', 'front', 'left', 'right', 'rear', 'up']], [['down', 'front', 'left', 'right', 'rear', 'up']], [['down', 'front', 'left', 'right', 'rear', 'up']], [['rear', 'down', 'left', 'right', 'up', 'front']], [['up', 'rear', 'left', 'right', 'front', 'down']], [['front', 'up', 'left', 'right', 'down', 'rear']]]","[2.4, 9.8, 21.2, 25.8, 29.0, 33.6, 35.6, 43.6, 49.2, 54.8]",5.822222222222221,2.6439775498197062,"['up', 'up', 'up', 'up', 'front', 'rear', 'up', 'up', 'up', 'up']","state2     front      rear        up
state1                              
front        NaN  0.111111       NaN
rear         NaN       NaN  0.111111
up      0.111111       NaN  0.666667","[1, 0, 0, 1, 1, 1]",4,4,12
5,gb,28,female,1,17,even,conf11,west,5,4,1,4,3,3,odd,even,odd,even,odd,odd,8,8,1,2266,478,403,276,319,348,442,843,179,136,96,138,118,176,39.61538461538461,13.277777777777787,13.6148648648649,13.018867924528328,14.50000000000003,14.146341463414666,12.556818181818196,14.737762237762237,15.982142857142868,15.454545454545451,14.999999999999991,16.829268292682922,18.4375,17.25490196078432,57.2,35.99999999999997,29.599999999999927,21.19999999999996,21.99999999999996,24.599999999999945,35.19999999999996,11.199999999999992,8.8,6.400000000000003,8.200000000000003,6.400000000000003,10.199999999999996,1294,20.32901548081227,20.46693170346225,"[4, 6, 4, 3, 1, 4, 2, 6, 5, 1, 2]","[[[146.7341254425189, 21.014653690398852], [98.08006874782951, -81.48323439803399], [122.01969027028194, -176.5765543028673], [57.98030972971805, 3.4234456971327143], [81.91993125217049, 98.51676560196601], [33.265874557481105, -158.98534630960114]], [[160.68673519204717, 112.08329590946005], [106.78258846729543, -98.53759319437339], [80.71849111943084, 174.28747154423897], [99.28150888056918, -5.712528455761051], [73.21741153270459, 81.4624068056266], [19.313264807952844, -67.91670409053997]], [[123.97094369969452, 159.4457750395031], [101.6480967123088, -102.57032481689144], [36.45062536418095, -176.3642863001017], [143.54937463581905, 3.635713699898314], [78.35190328769121, 77.42967518310857], [56.02905630030549, -20.55422496049689]], [[90.71818761651433, 161.74215822902394], [98.49960272367831, -108.15050731922004], [8.530339157881135, -113.05184466717546], [171.46966084211888, 66.94815533282454], [81.5003972763217, 71.84949268077996], [89.28181238348569, -18.257841770976054]], [[16.48418512117483, 43.207374469991294], [78.49293877616864, -90.26257304402881], [101.64158073294978, -2.6664405980189914], [78.35841926705022, 177.333559401981], [101.50706122383137, 89.73742695597119], [163.51581487882515, -136.7926255300087]], [[96.972694302163, 21.800358973458025], [98.31257773313033, -69.2235242127073], [169.11830472830292, 151.30893715029615], [10.88169527169709, -28.691062849703876], [81.68742226686967, 110.77647578729271], [83.027305697837, -158.19964102654197]], [[142.5569791650493, 13.180660515663574], [52.582648535830295, 10.712335546103478], [91.19159763542956, -78.37587739131934], [88.80840236457043, 101.62412260868066], [127.41735146416971, -169.28766445389653], [37.4430208349507, -166.81933948433644]], [[127.55571415467213, 176.48019479780515], [141.50674859303257, 11.276544953679153], [97.23936212736695, -87.91490885204118], [82.76063787263307, 92.08509114795883], [38.49325140696747, -168.72345504632085], [52.444285845327876, -3.519805202194838]], [[69.39735688469199, 175.56577490193914], [158.48023933447828, 158.0024993652598], [95.94722327547059, -96.67859051554754], [84.05277672452942, 83.32140948445246], [21.51976066552171, -21.997500634740188], [110.60264311530801, -4.434225098060883]], [[31.76036231730663, -9.749238234847665], [59.007105592750534, -175.75379779408314], [96.26487044968003, -89.53486782927844], [83.73512955031997, 90.46513217072156], [120.99289440724947, 4.246202205916852], [148.23963768269337, 170.25076176515236]], [[92.65845569281493, 3.846447507048632], [6.095076170633321, -60.37907363581525], [95.48080513123507, -86.40881786659251], [84.51919486876494, 93.59118213340749], [173.90492382936668, 119.62092636418474], [87.34154430718507, -176.15355249295138]]]","[[['down', 'south', 'west', 'east', 'north', 'up']], [['down', 'south', 'west', 'east', 'north', 'up']], [['west', 'south', 'up', 'down', 'north', 'east']], [['west', 'south', 'up', 'down', 'north', 'east']], [['up', 'south', 'east', 'west', 'north', 'down']], [['east', 'south', 'down', 'up', 'north', 'west']], [['down', 'east', 'south', 'north', 'west', 'up']], [['west', 'down', 'south', 'north', 'up', 'east']], [['west', 'down', 'south', 'north', 'up', 'east']], [['up', 'west', 'south', 'north', 'east', 'down']], [['east', 'up', 'south', 'north', 'down', 'west']]]","[[['down', 'left', 'rear', 'front', 'right', 'up']], [['down', 'left', 'rear', 'front', 'right', 'up']], [['rear', 'left', 'up', 'down', 'right', 'front']], [['rear', 'left', 'up', 'down', 'right', 'front']], [['up', 'left', 'front', 'rear', 'right', 'down']], [['front', 'left', 'down', 'up', 'right', 'rear']], [['down', 'front', 'left', 'right', 'rear', 'up']], [['rear', 'down', 'left', 'right', 'up', 'front']], [['rear', 'down', 'left', 'right', 'up', 'front']], [['up', 'rear', 'left', 'right', 'front', 'down']], [['front', 'up', 'left', 'right', 'down', 'rear']]]","[2.6, 8.0, 13.2, 14.0, 19.4, 25.6, 28.8, 37.0, 42.6, 48.8, 55.2]",5.26,1.8974720024284943,"['front', 'up', 'down', 'up', 'up', 'up', 'front', 'front', 'up', 'up', 'up']","state2  down  front   up
state1                  
down     NaN    NaN  0.1
front    NaN    0.1  0.2
up       0.1    0.1  0.4","[1, 0, 0, 2, 0, 1]",4,6,12
5,gb,28,female,1,18,even,conf12,west,5,4,2,4,2,5,odd,even,even,even,even,odd,12,12,1,3207,493,368,349,363,857,777,997,200,119,129,141,126,282,46.8859649122807,11.966019417475716,12.602739726027428,13.527131782945768,13.750000000000032,13.064024390243825,14.23076923076917,14.576023391812864,14.925373134328376,14.166666666666664,15.357142857142854,15.666666666666666,13.695652173913045,17.407407407407433,68.4,41.200000000000045,29.19999999999993,25.79999999999994,26.39999999999993,65.60000000000039,54.60000000000024,13.399999999999984,8.400000000000002,8.400000000000002,9.0,9.2,16.199999999999974,1597,21.159132429283925,21.34079381774625,"[3, 4, 6, 1, 6, 3, 1, 6, 1, 4, 2, 6, 1, 2, 5, 6, 1, 2]","[[[115.6325759910781, 21.404740495878933], [99.55790477989913, -73.22939363102616], [152.3951937496825, 177.9855538122846], [27.60480625031751, -2.014446187715414], [80.44209522010088, 106.77060636897384], [64.36742400892192, -158.5952595041211]], [[120.63438384070434, 21.437192474638223], [107.31109328720203, -79.19935152710454], [143.8375189659705, 165.5588515213762], [36.1624810340295, -14.441148478623814], [72.68890671279799, 100.80064847289547], [59.365616159295676, -158.56280752536176]], [[153.25406135162075, 39.417306717228925], [104.99051777406392, -82.67895206959328], [111.60931983635444, -178.7676974714466], [68.39068016364557, 1.2323025285534075], [75.0094822259361, 97.32104793040673], [26.745938648379266, -140.5826932827711]], [[148.50337048911499, 169.30189434985346], [96.77159672023294, -89.52395847563669], [59.404838397404625, -175.49795972109303], [120.59516160259538, 4.502040278906976], [83.22840327976706, 90.47604152436331], [31.496629510885022, -10.698105650146553]], [[147.25094300443388, 135.57134936841868], [111.46948216040026, -96.73291295064398], [66.52527707027839, -176.8983793162033], [113.47472292972161, 3.101620683796735], [68.53051783959974, 83.26708704935604], [32.74905699556613, -44.428650631581306]], [[144.49883411612788, 176.5557779122694], [88.74074172535637, -95.21012495751857], [54.52810510422567, 173.89240529279627], [125.47189489577434, -6.107594707203753], [91.25925827464363, 84.78987504248144], [35.501165883872105, -3.444222087730602]], [[13.028535904708326, 134.41298393873313], [79.32465677546486, -81.03334495279928], [82.61841925132401, 10.366018558056966], [97.381580748676, -169.63398144194304], [100.67534322453515, 98.9666550472007], [166.97146409529168, -45.58701606126687]], [[19.1761836242202, 51.6754400747132], [77.89982880394011, -76.38217120132731], [104.6486747612102, 10.405432650486746], [75.3513252387898, -169.59456734951326], [102.10017119605989, 103.6178287986727], [160.8238163757798, -128.32455992528682]], [[30.88242278953029, 35.91430430619828], [71.80571065751431, -87.4221721557815], [114.04050024030842, -5.852870110769169], [65.9594997596916, 174.14712988923083], [108.1942893424857, 92.5778278442185], [149.1175772104697, -144.0856956938017]], [[73.97651961985254, 20.052079842822916], [82.45641743215272, -72.12748468424495], [162.2021497455081, -6.490291325616351], [17.79785025449191, 173.50970867438366], [97.5435825678473, 107.87251531575507], [106.02348038014746, -159.9479201571771]], [[135.5549522272359, 9.918777129160663], [45.61485830545707, 6.214353407634769], [91.85279406906751, -81.97126199118293], [88.1472059309325, 98.02873800881707], [134.38514169454294, -173.78564659236525], [44.44504777276409, -170.08122287083933]], [[152.49995450232853, -172.6483477845175], [117.49706438335916, 6.438387157211525], [89.62595116580783, -83.36691656140394], [90.37404883419217, 96.63308343859607], [62.50293561664085, -173.56161284278846], [27.50004549767147, 7.351652215482502]], [[131.99860660832167, -168.5634422193231], [137.29485083927804, -1.2633563146175788], [83.63807254353257, -84.32482878538269], [96.36192745646744, 95.67517121461731], [42.70514916072198, 178.73664368538243], [48.00139339167834, 11.436557780676917]], [[130.37933833561644, -171.76574884547318], [139.61656935454337, 9.209015056126525], [90.48107891825266, -81.35660455070231], [89.51892108174735, 98.64339544929769], [40.383430645456635, -170.79098494387347], [49.62066166438357, 8.234251154526833]], [[39.95579787471717, -173.3438632222262], [129.94914832240562, -172.0997538817183], [89.38754005664407, -82.61276957623743], [90.61245994335594, 97.38723042376259], [50.05085167759437, 7.900246118281702], [140.04420212528282, 6.656136777773831]], [[36.70081387652485, -178.26594614958347], [126.32543915935119, -168.80346502090057], [85.45979540174453, -82.15058964237338], [94.54020459825549, 97.84941035762664], [53.6745608406488, 11.196534979099448], [143.29918612347515, 1.7340538504165233]], [[43.108119977142124, 15.406513011433024], [47.24831878499756, -173.6247664786935], [85.48211568922723, -79.43582290223777], [94.51788431077277, 100.56417709776223], [132.75168121500244, 6.3752335213065106], [136.8918800228579, -164.59348698856698]], [[86.42282505592041, 5.501385484175204], [12.74045709964539, 111.55217017256533], [77.78826721035696, -85.27382503348737], [102.21173278964305, 94.72617496651264], [167.25954290035463, -68.44782982743467], [93.5771749440796, -174.4986145158248]]]","[[['east', 'south', 'down', 'up', 'north', 'west']], [['east', 'south', 'down', 'up', 'north', 'west']], [['down', 'south', 'west', 'east', 'north', 'up']], [['down', 'south', 'west', 'east', 'north', 'up']], [['down', 'south', 'west', 'east', 'north', 'up']], [['down', 'south', 'west', 'east', 'north', 'up']], [['up', 'south', 'east', 'west', 'north', 'down']], [['up', 'south', 'east', 'west', 'north', 'down']], [['up', 'south', 'east', 'west', 'north', 'down']], [['east', 'south', 'down', 'up', 'north', 'west']], [['down', 'east', 'south', 'north', 'west', 'up']], [['down', 'east', 'south', 'north', 'west', 'up']], [['west', 'down', 'south', 'north', 'up', 'east']], [['west', 'down', 'south', 'north', 'up', 'east']], [['up', 'west', 'south', 'north', 'east', 'down']], [['up', 'west', 'south', 'north', 'east', 'down']], [['up', 'west', 'south', 'north', 'east', 'down']], [['east', 'up', 'south', 'north', 'down', 'west']]]","[[['front', 'left', 'down', 'up', 'right', 'rear']], [['front', 'left', 'down', 'up', 'right', 'rear']], [['down', 'left', 'rear', 'front', 'right', 'up']], [['down', 'left', 'rear', 'front', 'right', 'up']], [['down', 'left', 'rear', 'front', 'right', 'up']], [['down', 'left', 'rear', 'front', 'right', 'up']], [['up', 'left', 'front', 'rear', 'right', 'down']], [['up', 'left', 'front', 'rear', 'right', 'down']], [['up', 'left', 'front', 'rear', 'right', 'down']], [['front', 'left', 'down', 'up', 'right', 'rear']], [['down', 'front', 'left', 'right', 'rear', 'up']], [['down', 'front', 'left', 'right', 'rear', 'up']], [['rear', 'down', 'left', 'right', 'up', 'front']], [['rear', 'down', 'left', 'right', 'up', 'front']], [['up', 'rear', 'left', 'right', 'front', 'down']], [['up', 'rear', 'left', 'right', 'front', 'down']], [['up', 'rear', 'left', 'right', 'front', 'down']], [['front', 'up', 'left', 'right', 'down', 'rear']]]","[1.2, 2.6, 7.8, 9.8, 10.8, 14.2, 21.2, 21.8, 22.8, 28.0, 35.0, 42.0, 47.6, 48.4, 50.8, 55.8, 58.4, 63.8]",3.6823529411764704,2.289678963912947,"['down', 'up', 'up', 'down', 'up', 'rear', 'up', 'down', 'up', 'up', 'front', 'up', 'rear', 'down', 'front', 'down', 'up', 'up']","state2      down     front      rear        up
state1                                        
down         NaN  0.058824       NaN  0.235294
front   0.058824       NaN       NaN  0.058824
rear    0.058824       NaN       NaN  0.058824
up      0.117647  0.058824  0.117647  0.176471","[4, 1, 1, 1, 0, 4]",11,10,12
12,gb2,36,female,1,1,odd,conf12,west,5,4,2,4,2,5,odd,even,even,even,even,odd,10,5,0,3681,878,409,376,727,177,1114,711,160,133,75,123,122,98,75.74074074074073,19.59821428571424,16.102362204724447,12.61744966442956,27.961538461538527,11.202531645569636,26.650717703349248,14.62962962962963,16.000000000000007,20.15151515151514,23.4375,17.083333333333325,16.05263157894736,20.41666666666666,48.6,44.8000000000001,25.39999999999994,29.79999999999993,25.99999999999994,15.799999999999976,41.80000000000005,9.999999999999996,6.600000000000003,3.2000000000000006,7.200000000000004,7.600000000000004,4.800000000000002,597,11.754765754072508,12.862046175262966,"[4, 1, 3, 6, 2, 5, 2]","[[[52.42841601111768, -13.448414594209442], [66.49373497450961, -122.99707016396611], [133.22966669414893, -57.13044422825597], [46.77033330585105, 122.86955577174405], [113.5062650254904, 57.00292983603388], [127.57158398888231, 166.55158540579058]], [[48.216457779296405, 95.50362300666556], [43.55714129238185, -104.48427648373107], [79.88434260605467, -3.6698384598881004], [100.11565739394533, 176.3301615401119], [136.44285870761817, 75.51572351626893], [131.7835422207036, -84.49637699333445]], [[67.60817885933629, 115.68221823779598], [39.4836336575546, -124.31176717644294], [59.394907190051825, 11.576755197905877], [120.60509280994819, -168.42324480209413], [140.5163663424454, 55.68823282355707], [112.3918211406637, -64.31778176220402]], [[94.45671809267044, 145.21111178763306], [67.44444011924541, -126.64405300103842], [23.039827484615387, 65.77109229418008], [156.9601725153846, -114.22890770581992], [112.55555988075459, 53.355946998961585], [85.54328190732954, -34.788888212366935]], [[134.30226397391564, 172.5886055939588], [74.91966534624956, -112.65766981016984], [48.18725846579471, 143.39521411206135], [131.8127415342053, -36.604785887938625], [105.08033465375046, 67.34233018983016], [45.697736026084364, -7.411394406041196]], [[119.80104775957403, 171.18063789528244], [94.23504217392376, -96.38867172141975], [30.16198849989768, -179.06781926749588], [149.8380115001023, 0.9321807325041287], [85.76495782607624, 83.61132827858026], [60.19895224042597, -8.819362104717571]], [[143.27081305549336, 144.62320036241863], [110.52699073386835, -95.25819859965745], [61.023702255031914, -173.29151380251872], [118.97629774496808, 6.708486197481285], [69.47300926613165, 84.74180140034255], [36.72918694450666, -35.37679963758137]]]","[[['east', 'south', 'south', 'north', 'north', 'west']], [['north', 'up', 'east', 'west', 'down', 'south']], [['north', 'up', 'east', 'west', 'down', 'south']], [['west', 'south', 'up', 'down', 'north', 'east']], [['west', 'south', 'west', 'east', 'north', 'east']], [['west', 'south', 'up', 'down', 'north', 'east']], [['down', 'south', 'west', 'east', 'north', 'up']]]","[[['front', 'left', 'left', 'right', 'right', 'rear']], [['right', 'up', 'front', 'rear', 'down', 'left']], [['right', 'up', 'front', 'rear', 'down', 'left']], [['rear', 'left', 'up', 'down', 'right', 'front']], [['rear', 'left', 'rear', 'front', 'right', 'front']], [['rear', 'left', 'up', 'down', 'right', 'front']], [['down', 'left', 'rear', 'front', 'right', 'up']]]","[3.0, 13.6, 21.4, 25.0, 31.0, 36.0, 47.4]",7.399999999999999,2.844878439113581,"['right', 'right', 'front', 'front', 'left', 'right', 'left']","state2     front      left     right
state1                              
front   0.166667  0.166667       NaN
left         NaN       NaN  0.166667
right   0.166667  0.166667  0.166667","[0, 0, 0, 0, 0, 0]",0,6,9
12,gb2,36,female,1,2,odd,conf11,west,5,4,1,4,3,3,odd,even,odd,even,odd,odd,12,12,1,3922,674,890,213,326,581,1238,784,134,96,118,158,134,144,69.04929577464789,15.529953917050664,25.14124293785313,13.653846153846176,13.252032520325232,17.822085889570594,28.92523364485977,13.802816901408452,14.255319148936172,13.333333333333329,21.07142857142856,16.12244897959184,18.10810810810809,17.14285714285714,56.8,43.40000000000008,35.39999999999996,15.599999999999977,24.599999999999945,32.59999999999992,42.80000000000007,9.4,7.200000000000004,5.600000000000002,9.799999999999995,7.400000000000004,8.400000000000002,742,12.214193255540652,12.590228739956444,"[4, 2, 3, 5, 4, 6, 2, 1, 2]","[[[109.90410056419952, 66.9508857742394], [53.13430200522128, -7.294648997486511], [136.38516726233232, -45.38404213926831], [43.61483273766768, 134.6159578607317], [126.86569799477873, 172.70535100251348], [70.09589943580048, -113.04911422576062]], [[114.23382620531103, 36.3367042896249], [26.34734042399991, 60.98667609913065], [80.28249040339672, -49.24236188292587], [99.71750959660328, 130.75763811707415], [153.6526595760001, -119.01332390086935], [65.76617379468898, -143.6632957103751]], [[83.87498734198188, -0.585049784425213], [101.40627156497484, 88.17440752973579], [12.98592541229313, 117.14687608892743], [167.0140745877069, -62.85312391107258], [78.59372843502517, -91.82559247026421], [96.12501265801814, 179.41495021557478]], [[61.76236602010776, 37.440545820907566], [150.82546279392002, 21.579172550755047], [96.74067640556599, 123.80128347710136], [83.25932359443401, -56.19871652289865], [29.17453720608, -158.42082744924497], [118.23763397989224, -142.55945417909246]], [[103.52578256428542, 43.532138501911405], [137.21173197577684, -61.53093441202081], [129.6248331641348, 145.02114235104452], [50.375166835865215, -34.97885764895548], [42.78826802422317, 118.4690655879792], [76.47421743571458, -136.4678614980886]], [[111.76970416707785, 31.714521407559968], [122.78005560682499, -73.18781012018991], [138.9845518003943, 149.04737492122575], [41.0154481996057, -30.952625078774247], [57.21994439317501, 106.81218987981009], [68.23029583292217, -148.28547859244003]], [[51.110254045127775, 35.55532060474985], [39.24657140901838, -135.32272812395985], [94.47755917318706, -50.82328657609703], [85.52244082681295, 129.17671342390295], [140.75342859098163, 44.67727187604014], [128.88974595487224, -144.44467939525015]], [[50.58456592082509, 39.99877610886701], [39.426464473292434, -141.60632525191815], [89.21254370210887, -50.64845762444856], [90.78745629789113, 129.35154237555145], [140.5735355267076, 38.39367474808187], [129.4154340791749, -140.001223891133]], [[38.824393599975934, 70.18854466609871], [53.40283431979437, -132.474115253763], [78.81738425107186, -34.03244852317722], [101.18261574892814, 145.9675514768228], [126.59716568020563, 47.525884746237026], [141.17560640002407, -109.8114553339013]]]","[[['north', 'east', 'down', 'up', 'west', 'south']], [['east', 'up', 'south', 'north', 'down', 'west']], [['east', 'north', 'up', 'down', 'south', 'west']], [['east', 'down', 'north', 'south', 'up', 'west']], [['east', 'down', 'west', 'east', 'up', 'west']], [['east', 'south', 'down', 'up', 'north', 'west']], [['east', 'up', 'south', 'north', 'down', 'west']], [['east', 'up', 'south', 'north', 'down', 'west']], [['up', 'south', 'east', 'west', 'north', 'down']]]","[[['right', 'front', 'down', 'up', 'rear', 'left']], [['front', 'up', 'left', 'right', 'down', 'rear']], [['front', 'right', 'up', 'down', 'left', 'rear']], [['front', 'down', 'right', 'left', 'up', 'rear']], [['front', 'down', 'rear', 'front', 'up', 'rear']], [['front', 'left', 'down', 'up', 'right', 'rear']], [['front', 'up', 'left', 'right', 'down', 'rear']], [['front', 'up', 'left', 'right', 'down', 'rear']], [['up', 'left', 'front', 'rear', 'right', 'down']]]","[1.8, 12.2, 19.6, 25.8, 35.4, 35.6, 44.8, 46.2, 56.0]",6.775,3.691121103404761,"['up', 'up', 'up', 'up', 'front', 'rear', 'up', 'front', 'left']","state2  front   left   rear     up
state1                            
front     NaN  0.125  0.125    NaN
rear      NaN    NaN    NaN  0.125
up       0.25    NaN    NaN  0.375","[0, 1, 0, 1, 0, 0]",2,5,9
12,gb2,36,female,1,3,odd,conf10,west,5,4,1,4,3,4,odd,even,odd,even,odd,even,9,9,1,5097,1143,400,553,597,485,1919,802,87,82,75,309,108,141,75.62314540059347,19.0499999999999,12.422360248447236,16.859756097561014,13.149779735682788,17.70072992700734,33.20069204152233,11.899109792284866,14.499999999999991,14.642857142857135,19.73684210526315,13.43478260869568,14.999999999999991,17.195121951219505,67.4,60.00000000000031,32.19999999999992,32.799999999999926,45.400000000000105,27.39999999999993,57.80000000000028,6.000000000000003,5.600000000000002,3.800000000000001,22.99999999999995,7.200000000000004,8.200000000000003,1007,13.915166542902218,15.16672769382742,"[4, 2, 3, 5, 4, 6, 1]","[[[103.84885563452525, 64.35836161193407], [59.363200961830934, -17.245869153165795], [145.73579479834697, -46.85744722790877], [34.264205201653056, 133.14255277209122], [120.63679903816906, 162.75413084683422], [76.15114436547476, -115.64163838806594]], [[119.27937381504488, 48.49370167945345], [29.281481429029267, 49.24611512304861], [89.67901614891178, -41.32632031650768], [90.32098385108823, 138.6736796834923], [150.71851857097073, -130.7538848769514], [60.72062618495513, -131.50629832054656]], [[88.69160806830456, 16.86552931131152], [114.1112565820858, 106.27983679231211], [24.151289803307765, 109.7852363012093], [155.84871019669222, -70.2147636987907], [65.8887434179142, -73.72016320768789], [91.30839193169544, -163.13447068868848]], [[55.49014861515493, 42.6324811163244], [140.590562314528, 9.429594286176291], [106.647029398839, 120.7691751647319], [73.352970601161, -59.2308248352681], [39.409437685472014, -170.57040571382373], [124.50985138484506, -137.36751888367561]], [[87.55599054924446, 76.4677376564945], [95.32598442154308, -13.30428157323454], [174.1370766813094, 141.90718733794782], [5.862923318690608, -38.09281266205218], [84.67401557845692, 166.69571842676547], [92.44400945075554, -103.53226234350551]], [[153.0530283525628, 46.71519536807986], [68.29770842680954, 8.241966864765255], [105.18593215326598, -75.55639205856637], [74.81406784673402, 104.44360794143363], [111.70229157319046, -171.75803313523474], [26.94697164743721, -133.28480463192017]], [[33.71449049325979, -10.014888467241049], [62.05709454595624, 132.63219626933434], [72.69232745118813, -127.8537765637797], [107.30767254881187, 52.146223436220296], [117.94290545404378, -47.36780373066566], [146.28550950674023, 169.98511153275896]]]","[[['north', 'east', 'down', 'up', 'west', 'south']], [['north', 'up', 'east', 'west', 'down', 'south']], [['east', 'north', 'up', 'down', 'south', 'west']], [['east', 'down', 'north', 'south', 'up', 'west']], [['north', 'east', 'down', 'up', 'west', 'south']], [['down', 'east', 'south', 'north', 'west', 'up']], [['up', 'north', 'south', 'north', 'south', 'down']]]","[[['right', 'front', 'down', 'up', 'rear', 'left']], [['right', 'up', 'front', 'rear', 'down', 'left']], [['front', 'right', 'up', 'down', 'left', 'rear']], [['front', 'down', 'right', 'left', 'up', 'rear']], [['right', 'front', 'down', 'up', 'rear', 'left']], [['down', 'front', 'left', 'right', 'rear', 'up']], [['up', 'right', 'left', 'right', 'left', 'down']]]","[2.0, 21.6, 28.6, 32.4, 39.2, 53.8, 59.4]",9.566666666666666,5.615949509111427,"['up', 'up', 'up', 'up', 'up', 'up', 'up']","state2   up
state1     
up      1.0","[0, 0, 0, 1, 0, 0]",1,1,9
6,dds,34,female,1,16,even,conf3,west,4,4,2,2,5,5,even,even,even,even,odd,odd,12,12,1,2424,327,388,345,659,404,301,676,128,130,89,101,121,107,81.89189189189189,27.71186440677969,15.77235772357727,17.783505154639208,30.79439252336455,16.160000000000036,25.08333333333336,22.837837837837835,24.61538461538461,18.57142857142856,21.190476190476183,19.42307692307692,19.516129032258057,19.10714285714285,29.6,11.79999999999999,24.599999999999945,19.399999999999963,21.39999999999996,24.999999999999943,11.99999999999999,5.200000000000002,7.000000000000004,4.200000000000001,5.200000000000002,6.200000000000003,5.600000000000002,1016,30.37375860108117,30.37375860108117,"[2, 4, 2, 3, 2, 5, 6, 1]","[[[89.82254874438868, 21.614826278280425], [89.87197305383975, -68.38557023701254], [179.78118511961665, -14.194963291547992], [0.21881488038336078, 165.80503670845204], [90.12802694616026, 111.61442976298746], [90.17745125561133, -158.38517372171958]], [[98.1778843726316, 33.36426063837533], [110.06969057274425, -59.64535522725513], [158.1932828806806, 144.4137409322115], [21.806717119319387, -35.586259067788504], [69.93030942725575, 120.35464477274488], [81.82211562736839, -146.63573936162467]], [[158.22915608211468, -5.263580267602282], [70.58081234247182, 22.767179370471535], [80.53849815562494, -70.60089595229178], [99.46150184437508, 109.39910404770822], [109.41918765752818, -157.23282062952845], [21.77084391788533, 174.73641973239774]], [[136.81747381070988, -27.68973478515825], [103.39056959742058, 77.00462895535591], [49.9132447585731, -1.4367261610640276], [130.0867552414269, 178.56327383893597], [76.60943040257943, -102.99537104464409], [43.18252618929013, 152.31026521484176]], [[131.5652266703183, -16.12685124952094], [102.68592914040595, 85.38732947540011], [44.33659817863548, 8.706520876525051], [135.66340182136452, -171.29347912347495], [77.31407085959405, -94.6126705245999], [48.434773329681676, 163.87314875047906]], [[108.55823445066599, -11.499357347870738], [154.95472639723423, 124.43007499935841], [73.79132762484448, 72.90009048622348], [106.20867237515553, -107.09990951377652], [25.045273602765796, -55.569925000641604], [71.44176554933402, 168.50064265212927]], [[148.22018952111037, -133.60088747424766], [106.68009960664672, 107.47547185757162], [116.20393746102287, 8.995442131681742], [63.79606253897713, -171.00455786831827], [73.31990039335328, -72.5245281424284], [31.779810478889644, 46.39911252575236]], [[41.98001464155346, -19.187212643124568], [104.01539165819909, -93.08103426798641], [128.5712501933589, 8.400887734555933], [51.42874980664109, -171.59911226544406], [75.98460834180091, 86.9189657320136], [138.01998535844655, 160.81278735687545]]]","[[['east', 'south', 'down', 'up', 'north', 'west']], [['east', 'south', 'down', 'up', 'north', 'west']], [['down', 'east', 'south', 'north', 'west', 'up']], [['down', 'north', 'east', 'west', 'south', 'up']], [['east', 'north', 'up', 'down', 'south', 'west']], [['east', 'down', 'north', 'south', 'up', 'west']], [['down', 'north', 'east', 'west', 'south', 'up']], [['up', 'south', 'east', 'west', 'north', 'down']]]","[[['front', 'left', 'down', 'up', 'right', 'rear']], [['front', 'left', 'down', 'up', 'right', 'rear']], [['down', 'front', 'left', 'right', 'rear', 'up']], [['down', 'right', 'front', 'rear', 'left', 'up']], [['front', 'right', 'up', 'down', 'left', 'rear']], [['front', 'down', 'right', 'left', 'up', 'rear']], [['down', 'right', 'front', 'rear', 'left', 'up']], [['up', 'left', 'front', 'rear', 'right', 'down']]]","[0.2, 1.8, 5.2, 10.2, 12.2, 13.2, 19.6, 24.0]",3.4,1.833030277982336,"['left', 'up', 'front', 'front', 'right', 'up', 'up', 'up']","state2     front     right        up
state1                              
front   0.142857  0.142857       NaN
left         NaN       NaN  0.142857
right        NaN       NaN  0.142857
up      0.142857       NaN  0.285714","[0, 2, 0, 0, 0, 0]",2,6,13
6,dds,34,female,1,17,even,conf2,west,5,6,4,1,3,5,odd,even,even,odd,odd,odd,10,10,1,3484,493,683,649,482,593,584,897,119,189,119,132,169,169,86.66666666666666,27.38888888888894,22.919463087248378,16.144278606965162,14.87654320987658,21.485507246376866,25.1724137931035,22.31343283582089,20.51724137931033,18.90000000000001,19.193548387096765,19.99999999999999,19.204545454545453,20.609756097560968,40.2,17.999999999999968,29.79999999999993,40.20000000000003,32.39999999999992,27.59999999999993,23.19999999999995,5.8000000000000025,9.999999999999996,6.200000000000003,6.600000000000003,8.8,8.200000000000003,1276,28.212967968593738,28.212967968593738,"[4, 5, 2, 3, 4, 5, 4, 6, 1]","[[[110.31157454431425, 14.419153753126965], [91.84596272090563, -76.26436528318904], [159.59728020200774, -171.2352398452825], [20.402719797992255, 8.764760154717473], [88.15403727909437, 103.73563471681096], [69.68842545568575, -165.58084624687305]], [[143.976937986234, 42.96657764381451], [58.25345351847903, 11.275813600522183], [105.23213009149116, -69.02477024854811], [74.76786990850886, 110.97522975145189], [121.74654648152098, -168.72418639947782], [36.02306201376603, -137.0334223561855]], [[146.85955488835145, 26.49986723256246], [57.53034699161604, 13.563015314986218], [95.92688178786332, -72.64928810715197], [84.07311821213669, 107.35071189284804], [122.46965300838396, -166.43698468501378], [33.14044511164856, -153.50013276743755]], [[136.86897287340184, 12.693603868843137], [62.34881943183882, 68.68817687364577], [59.866126112282224, -39.017223560153354], [120.13387388771778, 140.98277643984667], [117.65118056816118, -111.31182312635424], [43.13102712659817, -167.30639613115687]], [[118.97089140684494, 9.628331204014039], [151.01641388903155, -168.51915084121867], [90.78521491458503, 100.06309298268147], [89.21478508541499, -79.93690701731853], [28.983586110968442, 11.480849158781346], [61.02910859315506, -170.37166879598595]], [[123.74146656426642, 3.088765566839137], [145.4367764194302, 168.92463293932235], [83.37111005805029, 88.63656890803348], [96.62888994194971, -91.36343109196653], [34.56322358056978, -11.075367060677651], [56.25853343573359, -176.91123443316087]], [[125.70812507825707, 10.128403634940256], [92.43910579089868, -81.62613025814768], [144.1824654481719, -175.00986297973904], [35.81753455182811, 4.990137020260948], [87.56089420910132, 98.37386974185233], [54.29187492174294, -169.87159636505976]], [[159.17630171854012, -118.96906703038802], [75.51594179313813, -166.18885767090887], [104.63301535811433, 107.67847759168302], [75.36698464188567, -72.32152240831698], [104.48405820686189, 13.811142329091115], [20.82369828145989, 61.03093296961198]], [[39.02905278893745, 30.841391796983157], [83.42759103558079, -67.32986934412098], [128.259549118373, 17.45704129777945], [51.74045088162701, -162.54295870222055], [96.57240896441922, 112.67013065587903], [140.97094721106257, -149.15860820301685]]]","[[['east', 'south', 'down', 'up', 'north', 'west']], [['down', 'east', 'south', 'north', 'west', 'up']], [['down', 'east', 'south', 'north', 'west', 'up']], [['down', 'north', 'east', 'west', 'south', 'up']], [['east', 'down', 'north', 'south', 'up', 'west']], [['east', 'down', 'north', 'south', 'up', 'west']], [['east', 'south', 'down', 'up', 'north', 'west']], [['down', 'west', 'north', 'south', 'east', 'up']], [['up', 'south', 'east', 'west', 'north', 'down']]]","[[['front', 'left', 'down', 'up', 'right', 'rear']], [['down', 'front', 'left', 'right', 'rear', 'up']], [['down', 'front', 'left', 'right', 'rear', 'up']], [['down', 'right', 'front', 'rear', 'left', 'up']], [['front', 'down', 'right', 'left', 'up', 'rear']], [['front', 'down', 'right', 'left', 'up', 'rear']], [['front', 'left', 'down', 'up', 'right', 'rear']], [['down', 'rear', 'right', 'left', 'front', 'up']], [['up', 'left', 'front', 'rear', 'right', 'down']]]","[0.4, 3.8, 4.6, 11.8, 15.4, 16.8, 22.6, 27.0, 36.6]",4.525,2.745792235403109,"['up', 'rear', 'front', 'front', 'left', 'up', 'up', 'up', 'up']","state2  front   left   rear     up
state1                            
front   0.125  0.125    NaN    NaN
left      NaN    NaN    NaN  0.125
rear    0.125    NaN    NaN    NaN
up        NaN    NaN  0.125  0.375","[0, 0, 0, 2, 1, 0]",3,6,13
6,dds,34,female,1,18,even,conf1,west,4,6,2,1,3,5,even,even,even,odd,odd,odd,12,12,1,2354,270,294,499,519,376,396,653,135,109,122,78,91,118,83.47517730496455,23.275862068965537,14.554455445544583,17.821428571428616,28.516483516483568,18.80000000000004,28.28571428571432,23.156028368794328,24.107142857142847,20.185185185185176,29.04761904761904,19.5,22.75,22.692307692307683,28.2,11.59999999999999,20.19999999999996,27.99999999999993,18.199999999999967,19.99999999999996,13.999999999999982,5.600000000000002,5.400000000000002,4.200000000000001,4.000000000000001,4.000000000000001,5.200000000000002,1132,39.48629462008725,39.48629462008725,"[4, 2, 3, 5, 6, 1]","[[[108.97751193580872, 31.088003056142355], [108.37705624022736, -65.47199596401292], [153.0680263453917, 163.69026852055117], [26.931973654608306, -16.30973147944883], [71.62294375977264, 114.5280040359871], [71.02248806419128, -148.91199694385764]], [[142.30196030898514, 17.319578806979507], [52.32784220257902, 14.843988457530381], [91.19793692069445, -74.2308951860674], [88.80206307930555, 105.76910481393261], [127.672157797421, -165.15601154246963], [37.69803969101485, -162.6804211930205]], [[135.9102172497457, -26.87485832813676], [86.4937408717943, 59.49872589903724], [46.12465347368335, -33.87868829338932], [133.87534652631666, 146.1213117066107], [93.5062591282057, -120.50127410096277], [44.08978275025432, 153.12514167186325]], [[103.43074920202211, 6.13542964436844], [161.53522376902248, 141.79184174804823], [77.56562423747879, 93.11718292479361], [102.43437576252123, -86.8828170752064], [18.46477623097753, -38.20815825195178], [76.56925079797789, -173.86457035563157]], [[116.7758526465114, -48.07629454102522], [152.5464513560677, 145.69259006212982], [95.62184195220438, 44.77083949792307], [84.37815804779562, -135.22916050207695], [27.453548643932294, -34.30740993787016], [63.2241473534886, 131.92370545897478]], [[38.09532830387234, 36.99956467035671], [69.19913955912882, -81.98423233749328], [120.29967388682384, -4.809701753376323], [59.70032611317616, 175.19029824662368], [110.80086044087118, 98.01576766250673], [141.90467169612768, -143.0004353296433]]]","[[['east', 'south', 'down', 'up', 'north', 'west']], [['down', 'east', 'south', 'north', 'west', 'up']], [['down', 'north', 'east', 'west', 'south', 'up']], [['east', 'down', 'north', 'south', 'up', 'west']], [['south', 'down', 'east', 'west', 'up', 'north']], [['up', 'south', 'east', 'west', 'north', 'down']]]","[[['front', 'left', 'down', 'up', 'right', 'rear']], [['down', 'front', 'left', 'right', 'rear', 'up']], [['down', 'right', 'front', 'rear', 'left', 'up']], [['front', 'down', 'right', 'left', 'up', 'rear']], [['left', 'down', 'front', 'rear', 'up', 'right']], [['up', 'left', 'front', 'rear', 'right', 'down']]]","[1.0, 4.4, 9.0, 13.0, 16.2, 22.6]",4.32,1.149608629055994,"['up', 'front', 'front', 'up', 'right', 'up']","state2  front  right   up
state1                   
front     0.2    NaN  0.2
right     NaN    NaN  0.2
up        0.2    0.2  NaN","[0, 0, 0, 0, 0, 0]",0,5,13
19,mb,29,male,1,1,even,conf12,west,5,4,2,4,2,5,odd,even,even,even,even,odd,12,26,0,6055,1424,792,718,695,970,1456,375,48,43,27,15,81,161,120.13888888888889,30.29787234042545,21.063829787234045,21.117647058823565,26.12781954887224,23.543689320388324,29.23694779116456,7.440476190476191,9.599999999999996,8.269230769230766,10.384615384615383,9.375,11.249999999999996,19.634146341463406,50.4,47.00000000000013,37.6,33.99999999999994,26.599999999999937,41.200000000000045,49.80000000000017,5.000000000000002,5.200000000000002,2.6,1.6,7.200000000000004,8.200000000000003,1215,20.53844766802936,21.54817793078691,"[3, 4, 6, 5, 2, 6, 1, 6, 2, 5, 6, 5]","[[[126.78547457465737, 4.240135742366395], [88.37667720381432, -84.54568963705043], [143.16659976212662, -172.37728672324022], [36.8334002378734, 7.622713276759793], [91.62332279618569, 95.45431036294957], [53.214525425342636, -175.7598642576336]], [[71.4680902926561, -159.0314724715325], [75.97026172634283, 106.1636173134412], [156.438410165234, 161.20406398436342], [23.561589834766, -18.795936015636588], [104.02973827365719, -73.83638268655882], [108.5319097073439, 20.968527528467508]], [[142.62575993226716, -167.93152528502875], [81.00055299121091, 114.03489801734766], [125.9102704982456, 30.62048868251771], [54.08972950175441, -149.3795113174823], [98.99944700878909, -65.96510198265236], [37.37424006773286, 12.068474714971252]], [[137.95884294487917, -164.86547034416122], [82.47084029425781, 113.56320353751074], [131.0501982680908, 30.172442650054354], [48.94980173190918, -149.82755734994564], [97.52915970574217, -66.43679646248926], [42.041157055120856, 15.134529655838776]], [[123.93139538553508, 168.12276687682382], [71.40689232223994, 91.20335334596437], [139.99572587391395, 24.834622225210556], [40.00427412608606, -155.16537777478945], [108.59310767776006, -88.79664665403561], [56.06860461446493, -11.877233123176186]], [[99.27091674741177, 122.84776278124339], [57.227826794069735, 38.87986589448513], [145.61401225115713, 19.048321682943154], [34.38598774884285, -160.95167831705686], [122.77217320593027, -141.12013410551486], [80.72908325258823, -57.15223721875663]], [[66.58146633479119, 52.593139450971215], [76.03728385257243, -43.58904979254923], [152.29267291694455, 18.153353227118057], [27.70732708305545, -161.84664677288194], [103.96271614742759, 136.41095020745075], [113.41853366520883, -127.40686054902879]], [[71.29958365236196, 41.57413342057587], [76.56952161214656, -53.06213415768131], [156.67729398658042, 3.304714991146644], [23.32270601341958, -176.69528500885335], [103.43047838785344, 126.93786584231869], [108.70041634763804, -138.42586657942414]], [[69.49345396483595, 37.49169124703666], [77.29930525342924, -57.34366032747735], [155.56936738835054, 2.912336472007489], [24.43063261164947, -177.0876635279925], [102.70069474657076, 122.65633967252265], [110.50654603516406, -142.50830875296333]], [[77.36283961571374, -37.600678880551015], [99.80965209080367, -125.3789786241595], [163.90135522719729, 1.4258700957073185], [16.09864477280274, -178.57412990429268], [80.19034790919635, 54.62102137584052], [102.63716038428626, 142.39932111944898]], [[113.40733629704249, -137.21304608025687], [92.61492377041786, 131.65411741349482], [156.42953740220983, 35.645198653518165], [23.570462597790183, -144.35480134648185], [87.38507622958215, -48.34588258650517], [66.59266370295752, 42.78695391974315]], [[116.905450143502, -168.04844411724991], [80.36937398903217, 106.89127103237556], [151.1542042873194, 34.83461111114279], [28.84579571268061, -145.16538888885722], [99.63062601096784, -73.10872896762446], [63.094549856498, 11.951555882750087]]]","[[['east', 'south', 'down', 'up', 'north', 'west']], [['west', 'north', 'down', 'up', 'south', 'east']], [['down', 'north', 'east', 'west', 'south', 'up']], [['down', 'north', 'east', 'west', 'south', 'up']], [['west', 'north', 'down', 'up', 'south', 'east']], [['north', 'east', 'down', 'up', 'west', 'south']], [['north', 'east', 'down', 'up', 'west', 'south']], [['east', 'south', 'down', 'up', 'north', 'west']], [['east', 'south', 'down', 'up', 'north', 'west']], [['east', 'south', 'down', 'up', 'north', 'west']], [['west', 'north', 'down', 'up', 'south', 'east']], [['west', 'north', 'down', 'up', 'south', 'east']]]","[[['front', 'left', 'down', 'up', 'right', 'rear']], [['rear', 'right', 'down', 'up', 'left', 'front']], [['down', 'right', 'front', 'rear', 'left', 'up']], [['down', 'right', 'front', 'rear', 'left', 'up']], [['rear', 'right', 'down', 'up', 'left', 'front']], [['right', 'front', 'down', 'up', 'rear', 'left']], [['right', 'front', 'down', 'up', 'rear', 'left']], [['front', 'left', 'down', 'up', 'right', 'rear']], [['front', 'left', 'down', 'up', 'right', 'rear']], [['front', 'left', 'down', 'up', 'right', 'rear']], [['rear', 'right', 'down', 'up', 'left', 'front']], [['rear', 'right', 'down', 'up', 'left', 'front']]]","[1.6, 5.6, 19.0, 20.0, 22.4, 24.2, 29.6, 32.4, 33.8, 34.8, 40.6, 45.2]",3.963636363636364,3.404615243853216,"['down', 'up', 'up', 'left', 'right', 'left', 'right', 'rear', 'left', 'right', 'front', 'left']","state2     front      left      rear     right        up
state1                                                  
down         NaN       NaN       NaN       NaN  0.090909
front        NaN  0.090909       NaN       NaN       NaN
left         NaN       NaN       NaN  0.272727       NaN
rear         NaN  0.090909       NaN       NaN       NaN
right   0.090909  0.090909  0.090909       NaN       NaN
up           NaN  0.090909       NaN       NaN  0.090909","[0, 1, 0, 0, 1, 3]",5,9,5
19,mb,29,male,1,2,even,conf11,west,5,4,1,4,3,3,odd,even,odd,even,odd,odd,8,12,0,4496,1283,363,794,479,518,1059,774,178,130,81,63,122,200,90.28112449799195,29.56221198156677,15.252100840336167,22.68571428571431,19.007936507936552,21.05691056910574,22.34177215189867,15.542168674698797,14.833333333333346,15.85365853658536,14.999999999999996,13.69565217391304,18.48484848484848,20.83333333333334,49.8,43.40000000000008,23.799999999999947,34.99999999999996,25.199999999999942,24.599999999999945,47.40000000000013,11.99999999999999,8.200000000000003,5.400000000000002,4.600000000000001,6.600000000000003,9.599999999999998,1424,23.49565273831288,23.68179731526132,"[4, 1, 3, 1, 4, 1, 4, 3, 6, 3, 1, 2, 5, 2, 6, 2, 5, 1]","[[[92.82594536174109, 37.27206535687285], [84.81773583009074, -52.47142656679807], [174.09359667841707, -81.2270691084212], [5.906403321582937, 98.7729308915788], [95.18226416990926, 127.52857343320194], [87.17405463825891, -142.72793464312716]], [[64.44488367955337, 19.420669521008858], [77.34975864526827, -76.74023909222606], [151.06706189782528, -10.696166259986542], [28.93293810217471, 169.30383374001346], [102.65024135473173, 103.25976090777394], [115.55511632044663, -160.57933047899112]], [[36.529928703954006, 32.951837081902376], [70.55611873447224, -85.50873190772344], [119.56822631059958, -7.0622123857326], [60.431773689400416, 172.9377876142674], [109.44388126552778, 94.49126809227657], [143.470071296046, -147.04816291809763]], [[26.54058132037753, 79.16427319514818], [64.97477092421055, -80.01311177620016], [98.27511529955548, 6.093618884056299], [81.72488470044453, -173.9063811159437], [115.02522907578945, 99.98688822379984], [153.45941867962247, -100.83572680485182]], [[110.05142177519855, 24.085865515233333], [101.89029046005942, -70.3216732184194], [156.421267497195, 170.83397668687437], [23.578732502804993, -9.166023313125622], [78.1097095399406, 109.67832678158061], [69.94857822480145, -155.91413448476666]], [[91.47884352131616, 20.59539508454535], [93.2392167456638, -69.48831913906047], [176.43851551696062, 135.10145719659542], [3.561484483039389, -44.89854280340457], [86.7607832543362, 110.51168086093955], [88.52115647868384, -159.40460491545466]], [[112.6350071677287, 20.822434274233476], [101.62797364367476, -74.09989656317524], [154.25008040834499, 170.64645509496088], [25.749919591655004, -9.353544905039127], [78.37202635632524, 105.90010343682476], [67.3649928322713, -159.17756572576653]], [[127.49317344187995, 22.173284148277745], [106.89677163988738, -81.30206799614459], [137.58457541756445, 169.2784584464124], [42.415424582435556, -10.721541553587615], [73.10322836011264, 98.69793200385543], [52.50682655812007, -157.82671585172227]], [[157.8599057626724, 62.6184696352632], [111.80354089377323, -106.86840313072362], [93.66055317634722, 161.6650618315877], [86.33944682365279, -18.334938168412304], [68.19645910622678, 73.1315968692764], [22.14009423732759, -117.38153036473679]], [[80.566184369284, 140.46065349026452], [75.01707900398985, -126.99067087340246], [17.825045052020542, 19.34701163674225], [162.17495494797947, -160.65298836325775], [104.98292099601015, 53.009329126597535], [99.43381563071601, -39.53934650973548]], [[34.42306606460598, 77.0224575268451], [55.84082155096981, -94.93072957681987], [93.75441577956201, -7.48281581362679], [86.245584220438, 172.5171841863732], [124.1591784490302, 85.06927042318014], [145.576933935394, -102.9775424731549]], [[61.91902348888186, 23.27791222788892], [76.39108217565756, -74.14319226178254], [148.24755217872575, -7.170891266431734], [31.75244782127426, 172.82910873356826], [103.60891782434244, 105.85680773821746], [118.08097651111817, -156.72208777211108]], [[66.50817965537212, -53.19945424833282], [103.29482888033687, -137.30456867951884], [152.6003463984322, -20.18393851481931], [27.399653601567802, 159.81606148518068], [76.70517111966315, 42.695431320481156], [113.4918203446279, 126.80054575166717]], [[69.19194771761595, -56.437400541759466], [102.75364634369897, -141.50292930018145], [155.27615171157137, -22.05925807869993], [24.72384828842863, 157.9407419213001], [77.24635365630103, 38.49707069981856], [110.80805228238405, 123.56259945824056]], [[87.33097930997772, -149.25791288149966], [104.16748527458259, 121.4163451252677], [165.57292460456267, -69.69789138888578], [14.427075395437328, 110.30210861111424], [75.83251472541743, -58.58365487473231], [92.6690206900223, 30.742087118500354]], [[101.0297985649923, 122.25265398196278], [86.06265135504604, 33.02135580761269], [168.27183756286144, -37.61652361036011], [11.72816243713857, 142.3834763896399], [93.93734864495396, -146.97864419238732], [78.97020143500771, -57.74734601803721]], [[81.39875878171523, 52.03811366583642], [71.94594850581754, -40.78797131545876], [159.87232340554226, -13.586453937670333], [20.127676594457757, 166.41354606232966], [108.05405149418246, 139.21202868454125], [98.60124121828478, -127.96188633416358]], [[85.17188897219604, 36.164048879198575], [77.80536891302549, -54.881886913983664], [166.8568911575618, -32.62886717582678], [13.143108842438217, 147.37113282417323], [102.19463108697452, 125.11811308601634], [94.82811102780397, -143.83595112080144]]]","[[['east', 'south', 'down', 'up', 'north', 'west']], [['east', 'south', 'down', 'up', 'north', 'west']], [['up', 'south', 'east', 'west', 'north', 'down']], [['up', 'south', 'east', 'west', 'north', 'down']], [['east', 'south', 'down', 'up', 'north', 'west']], [['east', 'south', 'down', 'up', 'north', 'west']], [['east', 'south', 'down', 'up', 'north', 'west']], [['east', 'south', 'down', 'up', 'north', 'west']], [['down', 'south', 'west', 'east', 'north', 'up']], [['west', 'south', 'up', 'down', 'north', 'east']], [['up', 'south', 'east', 'west', 'north', 'down']], [['east', 'south', 'down', 'up', 'north', 'west']], [['south', 'west', 'down', 'up', 'east', 'north']], [['south', 'west', 'down', 'up', 'east', 'north']], [['west', 'north', 'down', 'up', 'south', 'east']], [['north', 'east', 'down', 'up', 'west', 'south']], [['north', 'east', 'down', 'up', 'west', 'south']], [['east', 'south', 'down', 'up', 'north', 'west']]]","[[['front', 'left', 'down', 'up', 'right', 'rear']], [['front', 'left', 'down', 'up', 'right', 'rear']], [['up', 'left', 'front', 'rear', 'right', 'down']], [['up', 'left', 'front', 'rear', 'right', 'down']], [['front', 'left', 'down', 'up', 'right', 'rear']], [['front', 'left', 'down', 'up', 'right', 'rear']], [['front', 'left', 'down', 'up', 'right', 'rear']], [['front', 'left', 'down', 'up', 'right', 'rear']], [['down', 'left', 'rear', 'front', 'right', 'up']], [['rear', 'left', 'up', 'down', 'right', 'front']], [['up', 'left', 'front', 'rear', 'right', 'down']], [['front', 'left', 'down', 'up', 'right', 'rear']], [['left', 'rear', 'down', 'up', 'front', 'right']], [['left', 'rear', 'down', 'up', 'front', 'right']], [['rear', 'right', 'down', 'up', 'left', 'front']], [['right', 'front', 'down', 'up', 'rear', 'left']], [['right', 'front', 'down', 'up', 'rear', 'left']], [['front', 'left', 'down', 'up', 'right', 'rear']]]","[1.0, 6.8, 8.6, 11.0, 12.4, 13.4, 15.6, 17.0, 18.4, 22.2, 25.0, 26.8, 30.8, 33.0, 36.0, 39.4, 42.0, 42.8]",2.4588235294117644,1.2343413692803769,"['up', 'front', 'front', 'up', 'up', 'front', 'up', 'down', 'up', 'up', 'up', 'left', 'front', 'rear', 'front', 'front', 'rear', 'front']","state2      down     front      left      rear        up
state1                                                  
down         NaN       NaN       NaN       NaN  0.058824
front        NaN  0.117647       NaN  0.117647  0.117647
left         NaN  0.058824       NaN       NaN       NaN
rear         NaN  0.117647       NaN       NaN       NaN
up      0.058824  0.117647  0.058824       NaN  0.176471","[3, 2, 2, 2, 1, 1]",11,10,5
19,mb,29,male,1,3,even,conf10,west,5,4,1,4,3,4,odd,even,odd,even,odd,even,12,20,0,5152,1661,404,799,674,615,999,637,102,73,128,44,81,209,92.99638989169677,32.95634920634909,14.852941176470624,20.807291666666664,24.962962962963022,17.372881355932222,21.43776824034329,11.498194945848375,11.860465116279068,13.518518518518514,14.22222222222222,8.799999999999997,10.38461538461538,19.351851851851865,55.4,50.400000000000176,27.19999999999993,38.400000000000006,26.999999999999936,35.39999999999996,46.60000000000012,8.600000000000001,5.400000000000002,9.0,5.000000000000002,7.800000000000004,10.799999999999994,1209,18.806615156896964,19.707633042109773,"[2, 1, 3, 1, 4, 6, 3, 6, 3, 1, 2, 5, 1, 6, 2, 1]","[[[87.18745759268738, 19.67070220948076], [90.01882127449745, -70.3283731465971], [177.18739451699886, 20.054731174178187], [2.8126054830011604, -159.94526882582184], [89.98117872550255, 109.6716268534029], [92.81254240731262, -160.32929779051926]], [[60.53467235240139, 19.486349010652027], [82.47502827315957, -74.79365933414654], [149.40069633106395, 2.299400183904735], [30.599303668936045, -177.70059981609526], [97.52497172684043, 105.20634066585346], [119.46532764759861, -160.51365098934795]], [[58.981157426577155, 14.984979433854782], [78.75795464356281, -81.87947230033839], [146.5668004995311, -9.401222321974252], [33.43319950046891, 170.59877767802575], [101.24204535643719, 98.12052769966161], [121.01884257342284, -165.0150205661452]], [[59.134151103445134, 19.109558222462525], [82.99196495968427, -75.10380273761332], [148.17421707568258, 3.4725587332333796], [31.825782924317444, -176.52744126676663], [97.00803504031575, 104.89619726238669], [120.8658488965549, -160.8904417775375]], [[128.798221538872, 14.454972145180736], [102.65441322198173, -85.94451399648689], [138.41179146973946, 169.40084395601227], [41.58820853026053, -10.59915604398774], [77.34558677801826, 94.05548600351312], [51.201778461128, -165.54502785481927]], [[161.24633029187476, 115.54452614211357], [105.35748525269953, -100.46532551922631], [79.49808812785173, 172.45300342012442], [100.50191187214828, -7.5469965798755885], [74.64251474730047, 79.53467448077369], [18.753669708125233, -64.45547385788645]], [[133.11645294337748, 142.12541292255972], [104.20190819216135, -114.16745244378806], [46.5673134925022, 169.6951348167271], [133.4326865074978, -10.3048651832729], [75.79809180783865, 65.83254755621195], [46.883547056622525, -37.874587077440275]], [[133.6869426890752, 148.9539821590298], [99.86472281871775, -111.48484810776154], [45.36912453041069, 168.3999234006729], [134.6308754695893, -11.600076599327117], [80.13527718128226, 68.51515189223848], [46.313057310924805, -31.046017840970187]], [[134.49609185401147, 142.48865563337336], [101.6821723379536, -115.78952206205844], [46.846477346500336, 165.38805313289433], [133.15352265349966, -14.611946867105662], [78.31782766204641, 64.21047793794158], [45.50390814598855, -37.51134436662663]], [[46.76274211090429, 151.7466845710531], [77.00447395795305, -105.72013163851113], [46.136043787451705, -2.904718511673527], [133.86395621254832, 177.0952814883265], [102.99552604204695, 74.27986836148888], [133.23725788909573, -28.25331542894691]], [[55.55293803010836, 18.154659913138733], [77.60932843687014, -80.5124025327765], [142.7728382020373, -7.319529090946224], [37.22716179796274, 172.68047090905378], [102.39067156312987, 99.48759746722351], [124.44706196989165, -161.84534008686128]], [[74.49391844301856, -66.88842946283694], [106.36438103579763, -152.2155174626097], [157.1452826371278, -18.054256097668357], [22.85471736287221, 161.94574390233166], [73.63561896420237, 27.78448253739031], [105.50608155698143, 113.11157053716306]], [[75.29745179921969, -74.58872196581906], [107.388775689904, -159.8752746835984], [156.91586983842808, -22.58740480478781], [23.08413016157192, 157.4125951952122], [72.61122431009602, 20.124725316401605], [104.70254820078033, 105.41127803418094]], [[100.85751800721283, -160.2265172298338], [94.91726097896161, 108.82798282399413], [168.05613331827485, -5.170707830561024], [11.943866681725144, 174.829292169439], [85.0827390210384, -71.17201717600588], [79.14248199278718, 19.773482770166197]], [[91.84556572696965, 128.36617607684707], [72.12571767921702, 38.96157952772816], [162.02424792433564, 32.666555077633475], [17.975752075664364, -147.33344492236654], [107.87428232078298, -141.03842047227184], [88.15443427303035, -51.63382392315294]], [[92.58314253662117, 113.96665501842352], [77.6179467441383, 24.53414138211102], [167.34296840371462, 12.377470172689447], [12.657031596285389, -167.62252982731056], [102.3820532558617, -155.46585861788898], [87.41685746337882, -66.03334498157648]]]","[[['east', 'south', 'down', 'up', 'north', 'west']], [['east', 'south', 'down', 'up', 'north', 'west']], [['east', 'south', 'down', 'up', 'north', 'west']], [['east', 'south', 'down', 'up', 'north', 'west']], [['east', 'south', 'down', 'up', 'north', 'west']], [['down', 'south', 'west', 'east', 'north', 'up']], [['west', 'south', 'west', 'east', 'north', 'east']], [['west', 'south', 'west', 'east', 'north', 'east']], [['west', 'south', 'west', 'east', 'north', 'east']], [['west', 'south', 'east', 'west', 'north', 'east']], [['east', 'south', 'down', 'up', 'north', 'west']], [['south', 'west', 'down', 'up', 'east', 'north']], [['south', 'west', 'down', 'up', 'east', 'north']], [['west', 'north', 'down', 'up', 'south', 'east']], [['north', 'east', 'down', 'up', 'west', 'south']], [['north', 'east', 'down', 'up', 'west', 'south']]]","[[['front', 'left', 'down', 'up', 'right', 'rear']], [['front', 'left', 'down', 'up', 'right', 'rear']], [['front', 'left', 'down', 'up', 'right', 'rear']], [['front', 'left', 'down', 'up', 'right', 'rear']], [['front', 'left', 'down', 'up', 'right', 'rear']], [['down', 'left', 'rear', 'front', 'right', 'up']], [['rear', 'left', 'rear', 'front', 'right', 'front']], [['rear', 'left', 'rear', 'front', 'right', 'front']], [['rear', 'left', 'rear', 'front', 'right', 'front']], [['rear', 'left', 'front', 'rear', 'right', 'front']], [['front', 'left', 'down', 'up', 'right', 'rear']], [['left', 'rear', 'down', 'up', 'front', 'right']], [['left', 'rear', 'down', 'up', 'front', 'right']], [['rear', 'right', 'down', 'up', 'left', 'front']], [['right', 'front', 'down', 'up', 'rear', 'left']], [['right', 'front', 'down', 'up', 'rear', 'left']]]","[0.2, 2.4, 5.8, 14.4, 17.0, 20.4, 23.8, 25.0, 28.4, 31.8, 36.2, 38.2, 40.4, 43.2, 48.4, 52.0]",3.453333333333333,1.6724698967561586,"['left', 'front', 'down', 'front', 'up', 'up', 'rear', 'front', 'rear', 'rear', 'left', 'front', 'left', 'front', 'front', 'right']","state2      down     front      left      rear     right        up
state1                                                            
down         NaN  0.066667       NaN       NaN       NaN       NaN
front   0.066667  0.066667  0.066667  0.066667  0.066667  0.066667
left         NaN  0.200000       NaN       NaN       NaN       NaN
rear         NaN  0.066667  0.066667  0.066667       NaN       NaN
up           NaN       NaN       NaN  0.066667       NaN  0.066667","[3, 2, 2, 0, 0, 2]",9,13,5
20,gdc,37,male,1,16,odd,conf3,west,4,4,2,2,5,5,even,even,even,even,odd,odd,10,10,1,3249,883,331,985,436,218,396,547,67,145,84,75,70,106,68.25630252100841,19.112554112554065,17.42105263157898,25.785340314136125,14.342105263157933,16.515151515151533,9.473684210526304,11.491596638655462,11.166666666666664,21.323529411764696,18.260869565217387,14.999999999999996,15.909090909090905,11.04166666666667,47.6,46.20000000000012,18.999999999999964,38.2,30.399999999999924,13.199999999999983,41.80000000000005,6.000000000000003,6.800000000000003,4.600000000000001,5.000000000000002,4.400000000000001,9.599999999999998,717,13.243792320193457,13.564767674441052,"[2, 3, 5, 1, 5, 4, 1, 6]","[[[78.62763325296346, 37.33597162209616], [56.25265696088523, -60.386776787318354], [143.87925130290128, -36.66546867965261], [36.12074869709875, 143.3345313203474], [123.74734303911478, 119.61322321268165], [101.37236674703654, -142.66402837790383]], [[95.87576352134637, -2.3608157042285227], [19.65483010800797, 70.8926189363857], [71.31315136532348, -90.36608341637233], [108.68684863467652, 89.63391658362767], [160.34516989199204, -109.10738106361431], [84.12423647865363, 177.63918429577149]], [[76.98929015042972, -14.138058835516917], [71.25916285667894, 80.3582469970024], [23.098613318394705, -136.94164648227658], [156.90138668160532, 43.05835351772342], [108.74083714332106, -99.64175300299762], [103.01070984957028, 165.8619411644831]], [[60.44754076513533, -25.815886347779237], [92.24260395174505, 62.91184315016457], [29.654589918027067, 148.9677624537341], [150.34541008197294, -31.032237546265904], [87.75739604825496, -117.08815684983544], [119.55245923486467, 154.18411365222076]], [[51.802168421792196, -24.836286960804806], [101.76260437167552, 55.73339717640132], [40.625671242180495, 131.68592700651573], [139.3743287578195, -48.31407299348428], [78.23739562832449, -124.26660282359869], [128.1978315782078, 155.1637130391952]], [[24.831024736381632, 24.94024611561121], [110.84743358066247, -9.675323705365125], [102.88167253207581, 85.320860486636], [77.1183274679242, -94.67913951336399], [69.15256641933755, 170.32467629463488], [155.16897526361836, -155.05975388438878]], [[36.46537092793249, -74.09345037412942], [123.58966165084874, -48.07683631950128], [77.4574589424835, 33.4264108379556], [102.5425410575165, -146.5735891620444], [56.41033834915127, 131.9231636804987], [143.5346290720675, 105.90654962587058]], [[84.87479894713994, -125.67242067703302], [135.9135909859211, -40.985498347260936], [46.371195746702135, -30.76778172883778], [133.6288042532979, 149.23221827116222], [44.08640901407891, 139.01450165273906], [95.12520105286008, 54.32757932296699]]]","[[['east', 'south', 'down', 'up', 'north', 'west']], [['east', 'up', 'south', 'north', 'down', 'west']], [['east', 'north', 'up', 'down', 'south', 'west']], [['east', 'north', 'up', 'down', 'south', 'west']], [['east', 'north', 'up', 'down', 'south', 'west']], [['up', 'east', 'north', 'south', 'west', 'down']], [['up', 'south', 'east', 'west', 'north', 'down']], [['south', 'down', 'east', 'west', 'up', 'north']]]","[[['front', 'left', 'down', 'up', 'right', 'rear']], [['front', 'up', 'left', 'right', 'down', 'rear']], [['front', 'right', 'up', 'down', 'left', 'rear']], [['front', 'right', 'up', 'down', 'left', 'rear']], [['front', 'right', 'up', 'down', 'left', 'rear']], [['up', 'front', 'right', 'left', 'rear', 'down']], [['up', 'left', 'front', 'rear', 'right', 'down']], [['left', 'down', 'front', 'rear', 'up', 'right']]]","[1.4, 8.0, 12.6, 13.4, 14.4, 19.6, 24.0, 32.8]",4.485714285714286,2.655145178397472,"['left', 'left', 'left', 'front', 'left', 'left', 'up', 'right']","state2     front      left     right        up
state1                                        
front        NaN  0.142857       NaN       NaN
left    0.142857  0.428571       NaN  0.142857
up           NaN       NaN  0.142857       NaN","[1, 0, 0, 0, 1, 0]",2,5,7
20,gdc,37,male,1,17,odd,conf2,west,5,6,4,1,3,5,odd,even,even,odd,odd,odd,14,14,1,2677,560,198,757,514,220,428,572,85,88,111,97,91,100,57.69396551724138,12.334801762114507,14.776119402985092,18.64532019704432,15.117647058823554,19.298245614035103,10.699999999999992,12.327586206896552,9.444444444444445,17.599999999999994,22.199999999999992,17.962962962962955,25.27777777777777,13.157894736842096,46.4,45.400000000000105,13.399999999999984,40.60000000000004,33.99999999999994,11.399999999999991,40.00000000000003,9.0,5.000000000000002,5.000000000000002,5.400000000000002,3.600000000000001,7.600000000000004,585,11.424961644977536,12.616339576849745,"[5, 2, 3, 5, 4, 1, 6]","[[[87.77500325188421, 18.56143001211908], [91.23732357658261, -71.39048871066444], [177.45380268640344, 47.66819503727304], [2.546197313596552, -132.33180496272698], [88.7626764234174, 108.60951128933556], [92.2249967481158, -161.43856998788092]], [[89.84505816006279, 34.34649543535542], [61.77320765519846, -55.736677189367285], [151.77270492186585, -55.36486758370834], [28.227295078134144, 124.63513241629165], [118.22679234480155, 124.26332281063272], [90.15494183993721, -145.65350456464458]], [[85.58504565527929, 14.540686045283953], [4.417202125021849, -167.2908685322856], [89.85937903448482, -75.47017109065654], [90.14062096551518, 104.52982890934348], [175.58279787497816, 12.709131467714409], [94.41495434472071, -165.45931395471604]], [[66.48338131788687, 1.5630921996778089], [78.22315255112284, 96.76844371127567], [26.627310758435993, -148.65882020894122], [153.37268924156402, 31.34117979105877], [101.77684744887716, -83.23155628872435], [113.51661868211313, -178.4369078003222]], [[30.00562899282648, 10.465743205687744], [119.73833823593327, 18.871954221527535], [86.36045750685277, 106.78950744820568], [93.63954249314725, -73.21049255179432], [60.261661764066744, -161.12804577847248], [149.99437100717353, -169.53425679431226]], [[43.03018703717225, -58.70037277334203], [126.21397131993315, -20.368168578924013], [70.03371008954001, 54.20340165291772], [109.96628991045999, -125.79659834708228], [53.78602868006684, 159.631831421076], [136.96981296282777, 121.29962722665796]], [[59.06608768629065, -81.95666278038641], [130.57230369341207, -22.830735850829118], [55.998302483464855, 31.887679110379647], [124.00169751653515, -148.11232088962038], [49.42769630658794, 157.1692641491709], [120.93391231370936, 98.04333721961359]]]","[[['east', 'south', 'down', 'up', 'north', 'west']], [['east', 'south', 'down', 'up', 'north', 'west']], [['east', 'up', 'south', 'north', 'down', 'west']], [['east', 'north', 'up', 'down', 'south', 'west']], [['up', 'east', 'north', 'south', 'west', 'down']], [['up', 'east', 'north', 'south', 'west', 'down']], [['south', 'east', 'east', 'west', 'west', 'north']]]","[[['front', 'left', 'down', 'up', 'right', 'rear']], [['front', 'left', 'down', 'up', 'right', 'rear']], [['front', 'up', 'left', 'right', 'down', 'rear']], [['front', 'right', 'up', 'down', 'left', 'rear']], [['up', 'front', 'right', 'left', 'rear', 'down']], [['up', 'front', 'right', 'left', 'rear', 'down']], [['left', 'front', 'front', 'rear', 'rear', 'right']]]","[0.2, 1.0, 6.2, 11.2, 15.6, 21.0, 35.4]",5.866666666666667,4.124183420859078,"['right', 'left', 'left', 'left', 'left', 'up', 'right']","state2      left     right        up
state1                              
left    0.500000       NaN  0.166667
right   0.166667       NaN       NaN
up           NaN  0.166667       NaN","[0, 0, 0, 0, 1, 0]",1,4,7
20,gdc,37,male,1,18,odd,conf1,west,4,6,2,1,3,5,even,even,even,odd,odd,odd,9,9,1,2713,701,145,689,584,207,387,522,120,65,63,86,97,91,68.85786802030456,18.544973544973548,11.693548387096786,21.006097560975658,17.696969696969735,14.37500000000002,12.483870967741966,13.248730964467006,17.142857142857135,13.541666666666664,16.578947368421048,17.91666666666666,23.095238095238088,10.83333333333333,39.4,37.8,12.399999999999988,32.799999999999926,32.99999999999993,14.39999999999998,30.99999999999992,7.000000000000004,4.800000000000002,3.800000000000001,4.800000000000002,4.200000000000001,8.400000000000002,768,16.218957956786245,17.512318062773595,"[2, 1, 3, 5, 4, 1, 6]","[[[97.48934040872504, 34.0336090181777], [60.075970058619156, -51.62678050431284], [148.96254835813897, -68.58545616582145], [31.037451641861036, 111.41454383417855], [119.92402994138085, 128.37321949568718], [82.51065959127497, -145.9663909818223]], [[99.42353702913634, 25.639109952168088], [45.20216484146326, -54.87504796250618], [133.6657003537684, -73.47582016434531], [46.33429964623161, 106.52417983565469], [134.79783515853674, 125.12495203749383], [80.57646297086366, -154.36089004783193]], [[89.82444547683106, 24.966030653197393], [18.65724173577209, 115.48597025119052], [71.34364562555336, -65.09324245717228], [108.65635437444665, 114.90675754282772], [161.3427582642279, -64.51402974880948], [90.17555452316894, -155.03396934680262]], [[64.8732782373845, 6.510911843315738], [82.62916156455479, 99.98919131090206], [26.332446234457556, -154.85962120302318], [153.66755376554244, 25.140378796976826], [97.37083843544522, -80.01080868909794], [115.12672176261552, -173.4890881566843]], [[48.766773160048395, 2.947582148266945], [122.22970823210757, 59.40405132068961], [57.979983348010904, 126.18420949200686], [122.02001665198911, -53.815790507993135], [57.77029176789244, -120.59594867931038], [131.23322683995164, -177.05241785173308]], [[64.72278892148022, -78.06400046347375], [133.3532823485605, -14.539766770261515], [53.9454461759449, 32.04267002227431], [126.05455382405512, -147.9573299777257], [46.64671765143951, 165.4602332297385], [115.2772110785198, 101.93599953652627]], [[107.59231542108706, 142.13229469473583], [149.38885963379974, 19.727322326047624], [114.19282911942092, -119.67808085055688], [65.8071708805791, 60.321919149443126], [30.611140366200278, -160.2726776739524], [72.40768457891294, -37.86770530526416]]]","[[['east', 'south', 'down', 'up', 'north', 'west']], [['east', 'south', 'south', 'north', 'north', 'west']], [['east', 'up', 'south', 'north', 'down', 'west']], [['east', 'north', 'up', 'down', 'south', 'west']], [['east', 'north', 'north', 'south', 'south', 'west']], [['south', 'east', 'east', 'west', 'west', 'north']], [['west', 'down', 'south', 'north', 'up', 'east']]]","[[['front', 'left', 'down', 'up', 'right', 'rear']], [['front', 'left', 'left', 'right', 'right', 'rear']], [['front', 'up', 'left', 'right', 'down', 'rear']], [['front', 'right', 'up', 'down', 'left', 'rear']], [['front', 'right', 'right', 'left', 'left', 'rear']], [['left', 'front', 'front', 'rear', 'rear', 'right']], [['rear', 'down', 'left', 'right', 'up', 'front']]]","[1.6, 6.8, 7.8, 12.0, 16.0, 20.6, 27.0]",4.233333333333333,1.646882576938083,"['left', 'front', 'left', 'left', 'left', 'left', 'front']","state2     front      left
state1                    
front        NaN  0.166667
left    0.333333  0.500000","[1, 0, 0, 0, 0, 0]",1,3,7
18,de,27,male,0,1,odd,conf1,west,4,6,2,1,3,5,even,even,even,odd,odd,odd,9,9,1,3381,289,344,589,89,1117,953,859,50,244,132,44,208,181,77.54587155963303,10.471014492753648,20.235294117647094,14.724999999999987,10.853658536585362,28.20707070707069,38.4274193548388,19.70183486238532,15.624999999999996,21.40350877192984,28.69565217391304,15.714285714285714,24.76190476190476,22.07317073170731,43.6,27.59999999999993,16.99999999999997,40.00000000000003,8.200000000000003,39.60000000000002,24.799999999999944,3.2000000000000006,11.399999999999991,4.600000000000001,2.8000000000000003,8.400000000000002,8.200000000000003,560,12.127800796957636,12.127800796957636,"[6, 5, 3, 4, 6, 1, 3, 2]","[[[86.66139956898951, -70.30311374901878], [84.33961639355518, -160.63439597319376], [173.4228297846686, -129.9089755516888], [6.577170215331395, 50.09102444831121], [95.66038360644484, 19.365604026806235], [93.33860043101049, 109.69688625098124]], [[94.23214415220592, -56.442812144679216], [93.7219699523382, -146.71862512351012], [174.35954598423803, 82.08328795200977], [5.64045401576199, -97.91671204799025], [86.27803004766182, 33.2813748764899], [85.76785584779408, 123.55718785532079]], [[93.00172359718285, -58.512267246574744], [78.37328383839696, -147.89406542586903], [167.98153922720013, -162.7715825043258], [12.018460772799859, 17.228417495674215], [101.62671616160306, 32.105934574130984], [86.99827640281717, 121.48773275342525]], [[87.70080010689604, -58.97416209947712], [90.38138140488617, -148.9588493479691], [177.66935026378204, -49.545865515207865], [2.3306497362179757, 130.45413448479215], [89.61861859511383, 31.041150652030893], [92.29919989310397, 121.0258379005229]], [[98.08989533140382, -62.628234253613584], [73.2650741217983, -150.1787324580355], [161.30724312856032, -177.46994387030475], [18.692756871439688, 2.5300561296952644], [106.73492587820171, 29.821267541964495], [81.91010466859619, 117.37176574638643]], [[87.62276577115027, -55.98082552260545], [100.06180825667577, -145.55876426209124], [169.65547454359634, 20.87312027669987], [10.34452545640367, -159.12687972330014], [79.93819174332423, 34.44123573790876], [92.37723422884974, 124.01917447739456]], [[86.32467419795739, -59.26570974502792], [100.04394141468842, -148.61383552813444], [169.2915879636631, 10.876972645441988], [10.70841203633692, -169.12302735455802], [79.95605858531158, 31.386164471865563], [93.67532580204262, 120.73429025497208]], [[84.46826129858988, -66.79040786003085], [97.10101226693449, -156.099128196259], [170.98104698412655, -14.392117881991453], [9.018953015873446, 165.60788211800855], [82.89898773306552, 23.900871803740998], [95.53173870141013, 113.20959213996916]]]","[[['south', 'west', 'down', 'up', 'east', 'north']], [['south', 'west', 'down', 'up', 'east', 'north']], [['south', 'west', 'down', 'up', 'east', 'north']], [['south', 'west', 'down', 'up', 'east', 'north']], [['south', 'west', 'down', 'up', 'east', 'north']], [['south', 'west', 'down', 'up', 'east', 'north']], [['south', 'west', 'down', 'up', 'east', 'north']], [['south', 'west', 'down', 'up', 'east', 'north']]]","[[['left', 'rear', 'down', 'up', 'front', 'right']], [['left', 'rear', 'down', 'up', 'front', 'right']], [['left', 'rear', 'down', 'up', 'front', 'right']], [['left', 'rear', 'down', 'up', 'front', 'right']], [['left', 'rear', 'down', 'up', 'front', 'right']], [['left', 'rear', 'down', 'up', 'front', 'right']], [['left', 'rear', 'down', 'up', 'front', 'right']], [['left', 'rear', 'down', 'up', 'front', 'right']]]","[9.2, 17.4, 21.0, 24.8, 27.4, 31.6, 34.2, 37.2]",4.000000000000001,1.8047556225547148,"['right', 'front', 'down', 'up', 'right', 'left', 'down', 'rear']","state2      down     front      left      rear     right        up
state1                                                            
down         NaN       NaN       NaN  0.142857       NaN  0.142857
front   0.142857       NaN       NaN       NaN       NaN       NaN
left    0.142857       NaN       NaN       NaN       NaN       NaN
right        NaN  0.142857  0.142857       NaN       NaN       NaN
up           NaN       NaN       NaN       NaN  0.142857       NaN","[0, 0, 1, 0, 0, 1]",2,7,14
18,de,27,male,0,2,odd,conf2,west,5,6,4,1,3,5,odd,even,even,odd,odd,odd,14,13,0,5424,389,403,1188,203,2510,731,1431,72,175,428,9,366,381,81.44144144144146,9.13145539906102,13.52348993288594,24.146341463414554,7.748091603053453,38.0303030303028,18.09405940594058,21.486486486486488,10.909090909090905,20.34883720930232,25.176470588235336,7.5,23.7662337662338,26.09589041095894,66.6,42.60000000000007,29.79999999999993,49.20000000000016,26.19999999999994,66.0000000000004,40.400000000000034,6.600000000000003,8.600000000000001,16.99999999999997,1.2,15.399999999999975,14.59999999999998,838,11.80120948634897,12.004479944333893,"[5, 6, 3, 2, 3, 5, 6, 5, 3, 1, 5, 1, 6, 5, 2, 5, 3]","[[[91.68167378159791, -74.72848137032835], [76.68397831527771, -164.330336435535], [166.57431694076632, -171.79331207567165], [13.42568305923366, 8.206687924328358], [103.3160216847223, 15.669663564465019], [88.31832621840209, 105.27151862967165]], [[92.6554707955639, -51.53761890929989], [113.82879206137704, -142.71133797210237], [156.0052551009157, 44.44326971993704], [23.99474489908431, -135.55673028006296], [66.17120793862296, 37.28866202789765], [87.34452920443611, 128.46238109070012]], [[89.8655046686474, -55.33730084705381], [92.73992048793092, -145.33086427608475], [177.2567754591904, 31.854608438121875], [2.7432245408096096, -148.14539156187814], [87.26007951206908, 34.66913572391527], [90.1344953313526, 124.6626991529462]], [[95.96763511663278, -55.06965541065781], [76.98141161768649, -143.68473288661627], [165.63480225967427, -169.15888407011974], [14.365197740325726, 10.841115929880283], [103.01858838231351, 36.315267113383726], [84.03236488336724, 124.9303445893422]], [[94.59610541637073, -79.78275787365115], [83.65642079033638, -169.27069879974235], [172.155299152586, 154.5220473716628], [7.844700847413997, -25.477952628337185], [96.34357920966363, 10.729301200257654], [85.40389458362927, 100.21724212634885]], [[97.01747107486206, -69.36060177927722], [81.54058664299521, -158.31160632413184], [168.97571915860877, 161.45379465424435], [11.024280841391233, -18.546205345755656], [98.45941335700479, 21.688393675868163], [82.98252892513794, 110.63939822072278]], [[92.47419332298995, -53.12099850079525], [91.86562526983434, -143.20164010320815], [176.90056084277504, 89.81745275777126], [3.099439157224949, -90.18254724222875], [88.13437473016567, 36.79835989679185], [87.52580667701007, 126.87900149920476]], [[92.90087775626056, -47.688781751818844], [91.6612586147194, -137.77298662616883], [176.6564097594344, 102.46333682456913], [3.3435902405656144, -77.53666317543089], [88.33874138528061, 42.22701337383116], [87.09912224373946, 132.31121824818115]], [[102.40322341408637, -44.69522308189793], [96.49437857730054, -136.12978603719733], [165.9510703633449, 106.81063371865956], [14.04892963665511, -73.18936628134044], [83.50562142269948, 43.87021396280269], [77.59677658591362, 135.30477691810208]], [[100.0791245580649, -64.83760832564901], [101.14898723407984, -156.8451624316291], [164.88250899750514, 66.30813931612775], [15.117491002494866, -113.69186068387225], [78.85101276592017, 23.154837568370912], [79.9208754419351, 115.162391674351]], [[99.39245470749337, -54.55706121838367], [96.44291716035376, -145.6273847535007], [168.57690621329044, 90.39352311155504], [11.423093786709565, -89.60647688844497], [83.55708283964626, 34.37261524649929], [80.60754529250663, 125.44293878161632]], [[95.51902343868426, -57.08588066953951], [96.24247508324527, -147.69146389134224], [171.6530503758894, 74.10397810002671], [8.346949624110627, -105.89602189997329], [83.75752491675473, 32.308536108657776], [84.48097656131576, 122.91411933046048]], [[94.8656253913515, -67.3908243818719], [100.30107907523721, -158.27732037010745], [168.58482155971063, 47.54488379174599], [11.415178440289374, -132.45511620825403], [79.6989209247628, 21.722679629892568], [85.13437460864851, 112.6091756181281]], [[88.78669772318317, -62.4909219861698], [107.18092574158834, -152.11572600426356], [162.77361247283966, 23.592277417585066], [17.22638752716034, -156.40772258241495], [72.81907425841167, 27.884273995736443], [91.21330227681685, 117.5090780138302]], [[75.47265686349216, -62.107591444305676], [98.3118223085128, -149.93801990804482], [163.17102867943936, -31.05603795305964], [16.828971320560658, 148.94396204694038], [81.68817769148721, 30.061980091955192], [104.52734313650784, 117.89240855569433]], [[93.12140950972221, -79.33542902232101], [82.63651162325219, -168.9316483218689], [171.99547462673632, 167.8469532029856], [8.004525373263698, -12.153046797014396], [97.36348837674782, 11.068351678131137], [86.87859049027779, 100.66457097767899]], [[97.04439204213325, -73.7022633286709], [82.35060764116349, -162.7513194279948], [169.57236586530058, 154.11774326460963], [10.42763413469943, -25.88225673539039], [97.64939235883652, 17.248680572005213], [82.95560795786675, 106.29773667132912]]]","[[['south', 'west', 'down', 'up', 'east', 'north']], [['south', 'west', 'down', 'up', 'east', 'north']], [['south', 'west', 'down', 'up', 'east', 'north']], [['south', 'west', 'down', 'up', 'east', 'north']], [['south', 'west', 'down', 'up', 'east', 'north']], [['south', 'west', 'down', 'up', 'east', 'north']], [['south', 'west', 'down', 'up', 'east', 'north']], [['south', 'west', 'down', 'up', 'east', 'north']], [['east', 'west', 'down', 'up', 'east', 'west']], [['south', 'west', 'down', 'up', 'east', 'north']], [['south', 'west', 'down', 'up', 'east', 'north']], [['south', 'west', 'down', 'up', 'east', 'north']], [['south', 'west', 'down', 'up', 'east', 'north']], [['south', 'west', 'down', 'up', 'east', 'north']], [['south', 'west', 'down', 'up', 'east', 'north']], [['south', 'west', 'down', 'up', 'east', 'north']], [['south', 'west', 'down', 'up', 'east', 'north']]]","[[['left', 'rear', 'down', 'up', 'front', 'right']], [['left', 'rear', 'down', 'up', 'front', 'right']], [['left', 'rear', 'down', 'up', 'front', 'right']], [['left', 'rear', 'down', 'up', 'front', 'right']], [['left', 'rear', 'down', 'up', 'front', 'right']], [['left', 'rear', 'down', 'up', 'front', 'right']], [['left', 'rear', 'down', 'up', 'front', 'right']], [['left', 'rear', 'down', 'up', 'front', 'right']], [['front', 'rear', 'down', 'up', 'front', 'rear']], [['left', 'rear', 'down', 'up', 'front', 'right']], [['left', 'rear', 'down', 'up', 'front', 'right']], [['left', 'rear', 'down', 'up', 'front', 'right']], [['left', 'rear', 'down', 'up', 'front', 'right']], [['left', 'rear', 'down', 'up', 'front', 'right']], [['left', 'rear', 'down', 'up', 'front', 'right']], [['left', 'rear', 'down', 'up', 'front', 'right']], [['left', 'rear', 'down', 'up', 'front', 'right']]]","[1.4, 5.2, 13.4, 22.8, 28.8, 35.8, 38.4, 41.0, 43.0, 46.2, 51.0, 53.0, 54.8, 57.8, 59.4, 61.8, 62.6]",3.825,2.461579777297497,"['front', 'right', 'down', 'rear', 'down', 'front', 'right', 'front', 'down', 'left', 'front', 'left', 'right', 'front', 'rear', 'front', 'down']","state2    down   front    left    rear   right
state1                                        
down       NaN  0.0625  0.0625  0.0625     NaN
front   0.1250     NaN  0.0625  0.0625  0.1250
left       NaN  0.0625     NaN     NaN  0.0625
rear    0.0625  0.0625     NaN     NaN     NaN
right   0.0625  0.1250     NaN     NaN     NaN","[1, 1, 2, 0, 5, 2]",11,13,14
18,de,27,male,0,3,odd,conf3,west,4,4,2,2,5,5,even,even,even,even,odd,odd,10,10,1,3572,295,334,892,152,1465,434,1024,120,160,310,37,172,225,70.03921568627452,10.172413793103471,11.43835616438359,26.86746987951813,10.410958904109604,29.417670682730822,18.547008547008588,20.07843137254902,18.181818181818173,22.22222222222221,29.80769230769232,16.81818181818182,18.695652173913047,20.08928571428573,51.0,28.99999999999993,29.19999999999993,33.19999999999993,14.59999999999998,49.80000000000017,23.39999999999995,6.600000000000003,7.200000000000004,10.399999999999997,2.2,9.2,11.199999999999992,647,12.176711577104058,12.59479321144918,"[2, 4, 3, 6, 3, 2, 3, 1, 6, 5, 3]","[[[88.34676683893309, -63.28890474880964], [89.89470959398055, -153.2919436831438], [178.3434155288159, -66.93503427562558], [1.6565844711841056, 113.06496572437442], [90.10529040601946, 26.70805631685619], [91.65323316106691, 116.71109525119036]], [[111.11695986024259, -57.309710902579596], [83.24666342116157, -144.68845805748487], [157.72953344896283, 142.11888986187518], [22.270466551037185, -37.88111013812483], [96.75333657883844, 35.31154194251515], [68.88304013975743, 122.69028909742042]], [[100.03033853040334, -65.296903596923], [82.39238482642662, -153.94323224181935], [167.36301808600166, 152.62099487474882], [12.636981913998353, -27.3790051252512], [97.60761517357336, 26.056767758180648], [79.96966146959667, 114.70309640307701]], [[94.67049895259511, -61.529329053644894], [82.8548624820908, -150.9425402874295], [171.45043404091956, 175.55332975273402], [8.549565959080434, -4.446670247265976], [97.1451375179092, 29.057459712570527], [85.32950104740489, 118.4706709463551]], [[103.47455763653723, -56.59326752162255], [94.28013699143554, -147.62079460376563], [165.83742624364626, 105.1265258203916], [14.162573756353751, -74.8734741796084], [85.71986300856446, 32.3792053962344], [76.52544236346277, 123.40673247837748]], [[93.98228575895114, -63.17212117862208], [94.7114559789897, -153.50085762271368], [173.82518863801468, 66.87833724774872], [6.174811361985332, -113.12166275225128], [85.28854402101031, 26.499142377286322], [86.01771424104886, 116.82787882137794]], [[99.29266816299815, -63.51126956455974], [97.34916011469033, -154.72050322836785], [168.1117568214468, 77.49785091088985], [11.888243178553218, -102.50214908911015], [82.65083988530968, 25.279496771632168], [80.70733183700185, 116.48873043544027]], [[89.88371105970946, -64.3372193579098], [87.59667728068912, -154.3421000710334], [177.59386220550596, -151.5686541664349], [2.40613779449406, 28.431345833565103], [92.40332271931088, 25.657899928966607], [90.11628894029056, 115.66278064209021]], [[86.33848143110038, -63.48360078080934], [91.44488686566207, -153.3911189349968], [176.06298173396064, -41.89118226495387], [3.9370182660393516, 138.10881773504613], [88.55511313433794, 26.608881065003214], [93.66151856889962, 116.51639921919066]], [[89.41871735265036, -64.88274615143325], [89.37897878960639, -154.8890470584164], [179.14936298792034, -111.77887897357643], [0.850637012079663, 68.22112102642359], [90.62102121039361, 25.110952941583612], [90.58128264734964, 115.11725384856673]], [[89.56685142867275, -55.934699558041444], [86.07295896049638, -145.96443461642724], [176.0490687301896, -139.65049548043297], [3.9509312698104124, 40.34950451956702], [93.92704103950364, 34.03556538357277], [90.43314857132727, 124.06530044195857]]]","[[['south', 'west', 'down', 'up', 'east', 'north']], [['south', 'west', 'down', 'up', 'east', 'north']], [['south', 'west', 'down', 'up', 'east', 'north']], [['south', 'west', 'down', 'up', 'east', 'north']], [['south', 'west', 'down', 'up', 'east', 'north']], [['south', 'west', 'down', 'up', 'east', 'north']], [['south', 'west', 'down', 'up', 'east', 'north']], [['south', 'west', 'down', 'up', 'east', 'north']], [['south', 'west', 'down', 'up', 'east', 'north']], [['south', 'west', 'down', 'up', 'east', 'north']], [['south', 'west', 'down', 'up', 'east', 'north']]]","[[['left', 'rear', 'down', 'up', 'front', 'right']], [['left', 'rear', 'down', 'up', 'front', 'right']], [['left', 'rear', 'down', 'up', 'front', 'right']], [['left', 'rear', 'down', 'up', 'front', 'right']], [['left', 'rear', 'down', 'up', 'front', 'right']], [['left', 'rear', 'down', 'up', 'front', 'right']], [['left', 'rear', 'down', 'up', 'front', 'right']], [['left', 'rear', 'down', 'up', 'front', 'right']], [['left', 'rear', 'down', 'up', 'front', 'right']], [['left', 'rear', 'down', 'up', 'front', 'right']], [['left', 'rear', 'down', 'up', 'front', 'right']]]","[0.2, 2.4, 5.2, 8.0, 17.2, 21.0, 26.6, 28.0, 38.6, 42.2, 47.6]",4.74,2.8761780195252173,"['rear', 'up', 'down', 'right', 'down', 'rear', 'down', 'left', 'right', 'front', 'down']","state2  down  front  left  rear  right   up
state1                                     
down     NaN    NaN   0.1   0.1    0.1  NaN
front    0.1    NaN   NaN   NaN    NaN  NaN
left     NaN    NaN   NaN   NaN    0.1  NaN
rear     0.1    NaN   NaN   NaN    NaN  0.1
right    0.1    0.1   NaN   NaN    NaN  NaN
up       0.1    NaN   NaN   NaN    NaN  NaN","[0, 1, 2, 0, 0, 1]",4,10,14
17,ws,28,male,0,16,even,conf10,west,5,4,1,4,3,4,odd,even,odd,even,odd,even,12,12,1,2121,353,190,563,485,175,355,590,172,66,127,63,82,80,56.711229946524064,19.83146067415733,13.194444444444462,19.413793103448324,14.69696969696973,14.112903225806466,16.13636363636367,15.775401069518717,21.49999999999999,10.999999999999996,16.282051282051274,14.999999999999996,17.826086956521735,21.052631578947363,37.4,17.79999999999997,14.39999999999998,28.99999999999993,32.99999999999993,12.399999999999988,21.99999999999996,8.000000000000004,6.000000000000003,7.800000000000004,4.200000000000001,4.600000000000001,3.800000000000001,1015,22.951519951447164,23.69609243761016,"[1, 4, 6, 3, 1, 2, 5, 3]","[[[100.1785745196476, -57.1695512978503], [96.84569841072536, -148.40462210300194], [167.69249975014048, 88.2104485958631], [12.307500249859542, -91.78955140413692], [83.15430158927464, 31.59537789699805], [79.82142548035242, 122.83044870214972]], [[96.32671366413938, -66.2189249860457], [72.81790518343314, -154.25427139786186], [161.62143593427072, -175.71323595560364], [18.378564065729275, 4.286764044396362], [107.18209481656686, 25.745728602138136], [83.67328633586064, 113.7810750139543]], [[109.38280222084171, -106.72219342163895], [21.803504794647996, -78.29856348781308], [80.39975024118145, 166.6893322621599], [99.60024975881855, -13.310667737840125], [158.19649520535202, 101.70143651218692], [70.61719777915829, 73.27780657836105]], [[94.66822862438183, -133.47472019426462], [77.0758921627402, -44.54839426905415], [13.768969672673762, 155.9899538334569], [166.23103032732624, -24.01004616654309], [102.92410783725981, 135.45160573094586], [85.33177137561817, 46.525279805735394]], [[59.326886921455994, -109.26175464272772], [137.10850063433227, -58.93922652617742], [63.22134611461466, -1.8443775824341506], [116.77865388538534, 178.15562241756587], [42.89149936566774, 121.06077347382258], [120.67311307854402, 70.73824535727228]], [[63.502368458055415, -110.96780353270323], [125.28181848328265, -41.62289064120414], [46.873740724770464, 6.868359560024828], [133.12625927522953, -173.13164043997517], [54.71818151671736, 138.37710935879588], [116.49763154194459, 69.03219646729679]], [[109.18328534509678, -142.8102159317593], [147.95389433397824, -19.046011841303756], [65.37910637614846, -61.98455237258367], [114.62089362385154, 118.01544762741634], [32.04610566602176, 160.95398815869626], [70.81671465490324, 37.1897840682407]], [[108.12560360113011, -146.77968937900852], [152.13702007315985, -18.52090277626241], [69.58792409935957, -63.77667229355513], [110.41207590064043, 116.22332770644488], [27.86297992684016, 161.4790972237376], [71.87439639886989, 33.220310620991484]], [[113.013883614462, -153.4700810844667], [149.9509345572028, -16.225821702799575], [71.76683852814982, -71.51368699701814], [108.23316147185018, 108.48631300298186], [30.049065442797218, 163.77417829720045], [66.986116385538, 26.52991891553332]]]","[[['south', 'west', 'down', 'up', 'east', 'north']], [['south', 'west', 'down', 'up', 'east', 'north']], [['south', 'up', 'west', 'east', 'down', 'north']], [['south', 'east', 'up', 'down', 'west', 'north']], [['south', 'down', 'east', 'west', 'up', 'north']], [['south', 'east', 'east', 'west', 'west', 'north']], [['west', 'down', 'south', 'north', 'up', 'east']], [['west', 'down', 'south', 'north', 'up', 'east']], [['west', 'down', 'south', 'north', 'up', 'east']]]","[[['left', 'rear', 'down', 'up', 'front', 'right']], [['left', 'rear', 'down', 'up', 'front', 'right']], [['left', 'up', 'rear', 'front', 'down', 'right']], [['left', 'front', 'up', 'down', 'rear', 'right']], [['left', 'down', 'front', 'rear', 'up', 'right']], [['left', 'front', 'front', 'rear', 'rear', 'right']], [['rear', 'down', 'left', 'right', 'up', 'front']], [['rear', 'down', 'left', 'right', 'up', 'front']], [['rear', 'down', 'left', 'right', 'up', 'front']]]","[0.6, 6.2, 9.8, 12.0, 16.8, 21.6, 28.2, 29.2, 32.2]",3.9500000000000006,1.7313289693180782,"['left', 'up', 'right', 'up', 'left', 'front', 'up', 'left']","state2     front      left     right        up
state1                                        
front        NaN       NaN       NaN  0.142857
left    0.142857       NaN       NaN  0.142857
right        NaN       NaN       NaN  0.142857
up           NaN  0.285714  0.142857       NaN","[1, 0, 0, 0, 0, 0]",1,6,15
17,ws,28,male,0,17,even,conf11,west,5,4,1,4,3,3,odd,even,odd,even,odd,odd,8,8,1,2282,599,363,392,550,69,309,504,114,56,118,95,42,79,68.32335329341318,23.0384615384616,23.571428571428605,22.272727272727312,21.153846153846203,8.023255813953487,15.297029702970327,15.089820359281438,21.92307692307692,11.199999999999996,19.666666666666657,17.592592592592585,8.749999999999996,19.75,33.4,25.99999999999994,15.399999999999975,17.59999999999997,25.99999999999994,8.600000000000001,20.19999999999996,5.200000000000002,5.000000000000002,6.000000000000003,5.400000000000002,4.800000000000002,4.000000000000001,821,21.797933526160577,21.928737930316725,"[2, 1, 4, 6, 3, 2, 4, 5]","[[[89.32553121435036, -63.510433582857445], [92.317231430706, -153.48313968337206], [177.58650334411877, 10.270855140281444], [2.4134966558812425, -169.72914485971856], [87.68276856929401, 26.516860316627945], [90.67446878564962, 116.48956641714257]], [[60.65542234442907, -90.76993418078006], [138.1636004433544, -141.86867823057216], [116.90285139260419, -17.343975552960973], [63.09714860739582, 162.65602444703904], [41.836399556645596, 38.13132176942783], [119.34457765557093, 89.23006581921994]], [[90.158983261027, -78.36003707862193], [107.10732324949228, -168.40896909201356], [162.89189222647286, 12.15649432428822], [17.108107773527145, -167.84350567571178], [72.89267675050773, 11.591030907986418], [89.84101673897301, 101.63996292137807]], [[107.07160171349646, -86.11737825289225], [42.39766851745385, -156.46319020163432], [127.37366198229799, 170.3163262968123], [52.62633801770201, -9.683673703187734], [137.60233148254613, 23.53680979836567], [72.92839828650355, 93.88262174710775]], [[72.16659083695309, -115.47468004006645], [101.05635417419467, -29.078793993273813], [21.18252608300259, 30.640920568904576], [158.81747391699741, -149.35907943109544], [78.94364582580533, 150.9212060067262], [107.83340916304691, 64.52531995993355]], [[90.19471140582601, -115.79009024411599], [71.17730164203864, -25.856461772057195], [18.82378170650383, 154.78110517411503], [161.17621829349616, -25.218894825884995], [108.82269835796136, 154.14353822794283], [89.80528859417399, 64.20990975588401]], [[102.05146755891263, -151.7233436011098], [93.23592754480555, -61.031735016140345], [12.490993882675724, -136.24540997175998], [167.50900611732428, 43.754590028240024], [86.76407245519445, 118.96826498385967], [77.94853244108737, 28.2766563988902]], [[110.35053421910611, -153.29473180462855], [91.11426567484409, -62.88137910691912], [20.383737818883155, -149.880854675865], [159.61626218111687, 30.11914532413501], [88.88573432515592, 117.11862089308089], [69.64946578089389, 26.705268195371467]]]","[[['south', 'west', 'down', 'up', 'east', 'north']], [['south', 'down', 'east', 'west', 'up', 'north']], [['south', 'west', 'down', 'up', 'east', 'north']], [['south', 'up', 'west', 'east', 'down', 'north']], [['south', 'east', 'up', 'down', 'west', 'north']], [['south', 'east', 'up', 'down', 'west', 'north']], [['west', 'south', 'up', 'down', 'north', 'east']], [['west', 'south', 'up', 'down', 'north', 'east']]]","[[['left', 'rear', 'down', 'up', 'front', 'right']], [['left', 'down', 'front', 'rear', 'up', 'right']], [['left', 'rear', 'down', 'up', 'front', 'right']], [['left', 'up', 'rear', 'front', 'down', 'right']], [['left', 'front', 'up', 'down', 'rear', 'right']], [['left', 'front', 'up', 'down', 'rear', 'right']], [['rear', 'left', 'up', 'down', 'right', 'front']], [['rear', 'left', 'up', 'down', 'right', 'front']]]","[0.4, 1.8, 6.6, 9.8, 15.2, 22.4, 26.2, 27.0]",3.8,2.0784609690826525,"['rear', 'left', 'up', 'right', 'up', 'front', 'down', 'right']","state2      down     front      left     right        up
state1                                                  
down         NaN       NaN       NaN  0.142857       NaN
front   0.142857       NaN       NaN       NaN       NaN
left         NaN       NaN       NaN       NaN  0.142857
rear         NaN       NaN  0.142857       NaN       NaN
right        NaN       NaN       NaN       NaN  0.142857
up           NaN  0.142857       NaN  0.142857       NaN","[0, 1, 0, 1, 0, 0]",2,7,15
17,ws,28,male,0,18,even,conf12,west,5,4,2,4,2,5,odd,even,even,even,even,odd,12,12,1,1896,461,161,604,362,104,204,462,108,66,76,86,50,76,58.88198757763975,17.730769230769273,11.027397260273988,22.87878787878793,15.33898305084749,9.629629629629637,14.57142857142859,14.34782608695652,16.874999999999993,13.749999999999996,13.103448275862064,18.69565217391304,9.259259259259256,18.09523809523809,32.2,25.99999999999994,14.59999999999998,26.39999999999993,23.599999999999948,10.799999999999994,13.999999999999982,6.400000000000003,4.800000000000002,5.8000000000000025,4.600000000000001,5.400000000000002,4.200000000000001,764,21.021691704861382,21.280478189629136,"[1, 4, 6, 3, 2, 1, 5, 2]","[[[69.8497380678682, -87.3812368809113], [139.09321580041998, -152.32489199135983], [123.84145467737277, -11.624044936554627], [56.15854532262724, 168.37595506344536], [40.906784199580024, 27.675108008640176], [110.15026193213181, 92.6187631190887]], [[94.0236133877243, -71.21258621693265], [58.25925045169364, -158.71870995734028], [147.94484089332113, -167.6621359484187], [32.055159106678865, 12.337864051581308], [121.74074954830638, 21.281290042659723], [85.97638661227572, 108.78741378306736]], [[105.78370280679417, -94.28185790117524], [30.75544946063075, -32.64206255457546], [64.33987168745092, -176.47726733832468], [115.66012831254909, 3.522732661675337], [149.24455053936924, 147.35793744542454], [74.21629719320582, 85.71814209882476]], [[99.61527061441777, -109.05160902740444], [50.25536262182246, -27.14987299385517], [41.36282597206416, 172.0419202732026], [138.63717402793586, -7.958079726797375], [129.74463737817754, 152.85012700614485], [80.38472938558225, 70.94839097259558]], [[71.59592269904411, -88.275879437049], [84.98180590970156, 3.3983690541258698], [19.123776128455994, 108.06747433722408], [160.876223871544, -71.93252566277592], [95.01819409029844, -176.60163094587412], [108.4040773009559, 91.72412056295101]], [[87.29164934080478, -96.00766040096522], [108.22799257046185, -6.90028827528753], [18.442202240226937, 2.147527065974832], [161.55779775977308, -177.85247293402517], [71.77200742953816, 173.09971172471248], [92.70835065919522, 83.99233959903479]], [[107.5512669352407, -138.77534778425783], [120.04215258799373, -38.23567298236844], [35.76374948373468, -74.82323782417465], [144.2362505162653, 105.17676217582536], [59.95784741200629, 141.76432701763156], [72.44873306475931, 41.22465221574218]], [[102.70455731178313, -128.77874920030274], [100.4598801681397, -36.393399168368084], [16.569414607218384, -88.04162905681035], [163.4305853927816, 91.95837094318965], [79.54011983186028, 143.6066008316319], [77.29544268821687, 51.22125079969725]]]","[[['south', 'down', 'east', 'west', 'up', 'north']], [['south', 'west', 'down', 'up', 'east', 'north']], [['south', 'up', 'west', 'east', 'down', 'north']], [['south', 'east', 'up', 'down', 'west', 'north']], [['south', 'east', 'up', 'down', 'west', 'north']], [['south', 'east', 'up', 'down', 'west', 'north']], [['west', 'east', 'up', 'down', 'west', 'east']], [['south', 'east', 'up', 'down', 'west', 'north']]]","[[['left', 'down', 'front', 'rear', 'up', 'right']], [['left', 'rear', 'down', 'up', 'front', 'right']], [['left', 'up', 'rear', 'front', 'down', 'right']], [['left', 'front', 'up', 'down', 'rear', 'right']], [['left', 'front', 'up', 'down', 'rear', 'right']], [['left', 'front', 'up', 'down', 'rear', 'right']], [['rear', 'front', 'up', 'down', 'rear', 'front']], [['left', 'front', 'up', 'down', 'rear', 'right']]]","[1.2, 6.0, 8.8, 10.8, 17.0, 22.2, 25.0, 30.6]",4.2,1.5156328239856962,"['left', 'up', 'right', 'up', 'front', 'left', 'rear', 'front']","state2     front      left      rear     right        up
state1                                                  
front        NaN  0.142857       NaN       NaN       NaN
left         NaN       NaN  0.142857       NaN  0.142857
rear    0.142857       NaN       NaN       NaN       NaN
right        NaN       NaN       NaN       NaN  0.142857
up      0.142857       NaN       NaN  0.142857       NaN","[1, 0, 0, 0, 0, 0]",1,7,15
